{
  "string": [
    {
      "name": "module_desc",
      "value": "模块描述"
    },
    {
      "name": "EntryAbility_desc",
      "value": "description"
    },
    {
      "name": "EntryAbility_label",
      "value": "购物应用"
    },
    {
      "name": "home",
      "value": "首页"
    },
    {
      "name": "new_product",
      "value": "新品"
    },
    {
      "name": "cart",
      "value": "购物车"
    },
    {
      "name": "mine",
      "value": "我的"
    },
    {
      "name": "splash_desc",
      "value": "购物总有新玩法"
    }
  ]
}