{
  "string": [
    {
      "name": "header_bar_title",
      "value": "确认订单"
    },
    {
      "name": "bottom_bar_button",
      "value": "提交订单"
    },
    {
      "name": "order_list_reward",
      "value": "配送"
    },
    {
      "name": "order_list_standard_reward",
      "value": "标准配送"
    },
    {
      "name": "order_list_invoices",
      "value": "发票"
    },
    {
      "name": "order_list_personal_invoices",
      "value": "电子普通发票-个人"
    },
    {
      "name": "bottom_bar_amount",
      "value": "￥ %d"
    },
    {
      "name": "order_commit_success",
      "value": "提交成功"
    },
    {
      "name": "order_commit_fail",
      "value": "提交失败 %d"
    },
    {
      "name": "order_money",
      "value": "实付款"
    },
    {
      "name": "product_price",
      "value": "商品金额"
    },
    {
      "name": "fee_price",
      "value": "运费"
    },
    {
      "name": "btn_pay",
      "value": "去支付"
    },
    {
      "name": "money",
      "value": "￥%s"
    },
    {
      "name": "order_id",
      "value": "订单编号：%s"
    },
    {
      "name": "pay_now",
      "value": "立即支付"
    },
    {
      "name": "confirm_pay",
      "value": "支付"
    },
    {
      "name": "confirm_harvest",
      "value": "确认收货"
    },
    {
      "name": "guess_like",
      "value": "猜你喜欢"
    },
    {
      "name": "all_orders",
      "value": "全部"
    },
    {
      "name": "pending_payment",
      "value": "待付款"
    },
    {
      "name": "waiting_shipment",
      "value": "待发货"
    },
    {
      "name": "to_be_received",
      "value": "待收货"
    },
    {
      "name": "to_be_evaluated",
      "value": "待评价"
    },
    {
      "name": "my_order",
      "value": "我的订单"
    },
    {
      "name": "goods_count",
      "value": "共%d件商品，%s：￥%d"
    },
    {
      "name": "info_success",
      "value": "%s成功"
    },
    {
      "name": "wait_pay",
      "value": "待支付"
    }
  ]
}
