{"C:\\Users\\amy\\projects\\MyApplication\\AppScope\\app.json5":{"hashValue":"9f4cf58a10b3b5c7963fec6d46a1dac1","name":"app.json5","path":"C:\\Users\\amy\\projects\\MyApplication\\AppScope\\app.json5","type":"file","isSymbolicLink":false,"fileMetaData":{"size":220,"lastModifiedTime":1700733000516}},"C:\\Users\\amy\\projects\\MyApplication\\entry\\src\\main\\module.json5":{"hashValue":"bdfcb27e3ca2384df7aeb54bb783c4b7","name":"module.json5","path":"C:\\Users\\amy\\projects\\MyApplication\\entry\\src\\main\\module.json5","type":"file","isSymbolicLink":false,"fileMetaData":{"size":1501,"lastModifiedTime":1704200357407}},"C:\\Users\\amy\\projects\\MyApplication\\entry\\.preview\\default\\intermediates\\merge_profile\\default\\module.json":{"hashValue":"3a599c486ce38cc7f9faa6570f81a5f7","name":"module.json","path":"C:\\Users\\amy\\projects\\MyApplication\\entry\\.preview\\default\\intermediates\\merge_profile\\default\\module.json","type":"file","isSymbolicLink":false,"fileMetaData":{"size":1560,"lastModifiedTime":1704695306876}},"C:\\Users\\amy\\projects\\MyApplication\\entry\\.preview\\default\\intermediates\\loader\\default\\loader.json":{"hashValue":"1d92b0a0e108d1979859eb7f8b1c2b01","name":"loader.json","path":"C:\\Users\\amy\\projects\\MyApplication\\entry\\.preview\\default\\intermediates\\loader\\default\\loader.json","type":"file","isSymbolicLink":false,"fileMetaData":{"size":366,"lastModifiedTime":1704695306887}},"C:\\Users\\amy\\projects\\MyApplication\\entry\\.preview\\default\\intermediates\\process_profile\\default\\module.json":{"hashValue":"4a98579127b5324435c5f8a5318797a5","name":"module.json","path":"C:\\Users\\amy\\projects\\MyApplication\\entry\\.preview\\default\\intermediates\\process_profile\\default\\module.json","type":"file","isSymbolicLink":false,"fileMetaData":{"size":1645,"lastModifiedTime":1704695307023}},"C:\\Users\\amy\\projects\\MyApplication\\entry\\src\\main\\resources":{"hashValue":"7213330df2620385f793fc161e63cdde","name":"resources","path":"C:\\Users\\amy\\projects\\MyApplication\\entry\\src\\main\\resources","type":"directory","isSymbolicLink":false,"children":[{"hashValue":"be386d86739a1a1ce4c4e1fe970585f0","name":"base","path":"C:\\Users\\amy\\projects\\MyApplication\\entry\\src\\main\\resources\\base","type":"directory","isSymbolicLink":false,"children":[{"hashValue":"f654fd165f4978b5ac6a8f32b97f0be9","name":"element","path":"C:\\Users\\amy\\projects\\MyApplication\\entry\\src\\main\\resources\\base\\element","type":"directory","isSymbolicLink":false,"children":[{"hashValue":"662fd2784cd837a71efe9f7373f6e493","name":"color.json","path":"C:\\Users\\amy\\projects\\MyApplication\\entry\\src\\main\\resources\\base\\element\\color.json","type":"file","isSymbolicLink":false,"fileMetaData":{"size":105,"lastModifiedTime":1701411625621}},{"hashValue":"58b7b7b927cab63cf4d654ee28cd9af7","name":"string.json","path":"C:\\Users\\amy\\projects\\MyApplication\\entry\\src\\main\\resources\\base\\element\\string.json","type":"file","isSymbolicLink":false,"fileMetaData":{"size":475,"lastModifiedTime":1703430277042}}]},{"hashValue":"a6533af51d428525c5948feddc8db663","name":"media","path":"C:\\Users\\amy\\projects\\MyApplication\\entry\\src\\main\\resources\\base\\media","type":"directory","isSymbolicLink":false,"children":[{"hashValue":"492cc39e8b29efee5945ea83ab88c1f6","name":"fish_rev.png","path":"C:\\Users\\amy\\projects\\MyApplication\\entry\\src\\main\\resources\\base\\media\\fish_rev.png","type":"file","isSymbolicLink":false,"fileMetaData":{"size":490754,"lastModifiedTime":1702461051992}},{"hashValue":"7d04082c5b884b0f560af339fa62e950","name":"fish.png","path":"C:\\Users\\amy\\projects\\MyApplication\\entry\\src\\main\\resources\\base\\media\\fish.png","type":"file","isSymbolicLink":false,"fileMetaData":{"size":496942,"lastModifiedTime":1702457206490}},{"hashValue":"a88fc139cd315855bc470fa7a7770512","name":"freeBudsPro3.png","path":"C:\\Users\\amy\\projects\\MyApplication\\entry\\src\\main\\resources\\base\\media\\freeBudsPro3.png","type":"file","isSymbolicLink":false,"fileMetaData":{"size":339041,"lastModifiedTime":1700922741870}},{"hashValue":"1b7b75c2a235eb1d4d267dd1d73a110d","name":"ic_files_doc.svg","path":"C:\\Users\\amy\\projects\\MyApplication\\entry\\src\\main\\resources\\base\\media\\ic_files_doc.svg","type":"file","isSymbolicLink":false,"fileMetaData":{"size":1293,"lastModifiedTime":1703429432297}},{"hashValue":"a3d447a2a6e85a5382d84240fc84d387","name":"ic_files_video.svg","path":"C:\\Users\\amy\\projects\\MyApplication\\entry\\src\\main\\resources\\base\\media\\ic_files_video.svg","type":"file","isSymbolicLink":false,"fileMetaData":{"size":1633,"lastModifiedTime":1704376923870}},{"hashValue":"97fd53c6c4a0a17a54ad5e1f3cc2d60c","name":"ic_main.png","path":"C:\\Users\\amy\\projects\\MyApplication\\entry\\src\\main\\resources\\base\\media\\ic_main.png","type":"file","isSymbolicLink":false,"fileMetaData":{"size":85205,"lastModifiedTime":1686636905814}},{"hashValue":"27b4785d0218c826f4677f4ba0c48776","name":"ic_public_add.svg","path":"C:\\Users\\amy\\projects\\MyApplication\\entry\\src\\main\\resources\\base\\media\\ic_public_add.svg","type":"file","isSymbolicLink":false,"fileMetaData":{"size":1010,"lastModifiedTime":1702966275770}},{"hashValue":"5ebd634c604fb0f1fd03dcff5b8581c9","name":"ic_public_back.png","path":"C:\\Users\\amy\\projects\\MyApplication\\entry\\src\\main\\resources\\base\\media\\ic_public_back.png","type":"file","isSymbolicLink":false,"fileMetaData":{"size":312,"lastModifiedTime":1701054131094}},{"hashValue":"4e8697c724c92bdccda75515e26de372","name":"ic_public_delete_filled.svg","path":"C:\\Users\\amy\\projects\\MyApplication\\entry\\src\\main\\resources\\base\\media\\ic_public_delete_filled.svg","type":"file","isSymbolicLink":false,"fileMetaData":{"size":1653,"lastModifiedTime":1701396283176}},{"hashValue":"bfb6f8b01e70c85da3e8dce3bb06e884","name":"ic_public_delete.svg","path":"C:\\Users\\amy\\projects\\MyApplication\\entry\\src\\main\\resources\\base\\media\\ic_public_delete.svg","type":"file","isSymbolicLink":false,"fileMetaData":{"size":2152,"lastModifiedTime":1701261392757}},{"hashValue":"be675a66c686a46a86af2d5f183ee300","name":"ic_public_highlights.svg","path":"C:\\Users\\amy\\projects\\MyApplication\\entry\\src\\main\\resources\\base\\media\\ic_public_highlights.svg","type":"file","isSymbolicLink":false,"fileMetaData":{"size":10132,"lastModifiedTime":1702966318642}},{"hashValue":"20cc3c0a0be6b40cf03822d2f3484e3c","name":"ic_public_refresh.png","path":"C:\\Users\\amy\\projects\\MyApplication\\entry\\src\\main\\resources\\base\\media\\ic_public_refresh.png","type":"file","isSymbolicLink":false,"fileMetaData":{"size":576,"lastModifiedTime":1701054254424}},{"hashValue":"dfc73f3701f1cb93ba5c1b84c4e8efb2","name":"ic_public_search.svg","path":"C:\\Users\\amy\\projects\\MyApplication\\entry\\src\\main\\resources\\base\\media\\ic_public_search.svg","type":"file","isSymbolicLink":false,"fileMetaData":{"size":1894,"lastModifiedTime":1702966254873}},{"hashValue":"d683ba38211ef469ea8927fc6cb17ad5","name":"ic_public_settings.svg","path":"C:\\Users\\amy\\projects\\MyApplication\\entry\\src\\main\\resources\\base\\media\\ic_public_settings.svg","type":"file","isSymbolicLink":false,"fileMetaData":{"size":5207,"lastModifiedTime":1703831651126}},{"hashValue":"032d9342a06c8badc3d0ec74015138d5","name":"icon.png","path":"C:\\Users\\amy\\projects\\MyApplication\\entry\\src\\main\\resources\\base\\media\\icon.png","type":"file","isSymbolicLink":false,"fileMetaData":{"size":6790,"lastModifiedTime":1700732999458}},{"hashValue":"39f113d7407619b4b6292ebba1ab2395","name":"mate60.png","path":"C:\\Users\\amy\\projects\\MyApplication\\entry\\src\\main\\resources\\base\\media\\mate60.png","type":"file","isSymbolicLink":false,"fileMetaData":{"size":475117,"lastModifiedTime":1700922065844}},{"hashValue":"ddaafd7793409b51796c283817afde40","name":"mateBookProX.png","path":"C:\\Users\\amy\\projects\\MyApplication\\entry\\src\\main\\resources\\base\\media\\mateBookProX.png","type":"file","isSymbolicLink":false,"fileMetaData":{"size":280228,"lastModifiedTime":1700920676802}},{"hashValue":"961fc83dcf34c42c1ea1916d81a0d8c6","name":"mateX5.png","path":"C:\\Users\\amy\\projects\\MyApplication\\entry\\src\\main\\resources\\base\\media\\mateX5.png","type":"file","isSymbolicLink":false,"fileMetaData":{"size":461261,"lastModifiedTime":1700921282663}},{"hashValue":"2c2f5cf54466ad03421f8ce2f4431320","name":"sea.jpg","path":"C:\\Users\\amy\\projects\\MyApplication\\entry\\src\\main\\resources\\base\\media\\sea.jpg","type":"file","isSymbolicLink":false,"fileMetaData":{"size":59981,"lastModifiedTime":1702472592143}},{"hashValue":"9f601dceae1ee49375d9a42ddabf307b","name":"watchGT4.png","path":"C:\\Users\\amy\\projects\\MyApplication\\entry\\src\\main\\resources\\base\\media\\watchGT4.png","type":"file","isSymbolicLink":false,"fileMetaData":{"size":260554,"lastModifiedTime":1700922644324}}]},{"hashValue":"e59d43213e42ebb66364f3ac824ef7c7","name":"profile","path":"C:\\Users\\amy\\projects\\MyApplication\\entry\\src\\main\\resources\\base\\profile","type":"directory","isSymbolicLink":false,"children":[{"hashValue":"cfe1cd0956e90a58cd700287725072b7","name":"main_pages.json","path":"C:\\Users\\amy\\projects\\MyApplication\\entry\\src\\main\\resources\\base\\profile\\main_pages.json","type":"file","isSymbolicLink":false,"fileMetaData":{"size":391,"lastModifiedTime":1704334614958}}]}]},{"hashValue":"adfc3cdc70a8209eb2bea824b703b2db","name":"en_US","path":"C:\\Users\\amy\\projects\\MyApplication\\entry\\src\\main\\resources\\en_US","type":"directory","isSymbolicLink":false,"children":[{"hashValue":"8fd604d345fa5744d1199d4808fe2320","name":"element","path":"C:\\Users\\amy\\projects\\MyApplication\\entry\\src\\main\\resources\\en_US\\element","type":"directory","isSymbolicLink":false,"children":[{"hashValue":"b86107a256d141f42f2796f1fa6d0432","name":"string.json","path":"C:\\Users\\amy\\projects\\MyApplication\\entry\\src\\main\\resources\\en_US\\element\\string.json","type":"file","isSymbolicLink":false,"fileMetaData":{"size":475,"lastModifiedTime":1703430277080}}]}]},{"hashValue":"","name":"rawfile","path":"C:\\Users\\amy\\projects\\MyApplication\\entry\\src\\main\\resources\\rawfile","type":"directory","isSymbolicLink":false,"children":[]},{"hashValue":"3e790ac48e03b9e712633cde48219e8d","name":"zh_CN","path":"C:\\Users\\amy\\projects\\MyApplication\\entry\\src\\main\\resources\\zh_CN","type":"directory","isSymbolicLink":false,"children":[{"hashValue":"60e4131c898b4396eddbb291f1bae43a","name":"element","path":"C:\\Users\\amy\\projects\\MyApplication\\entry\\src\\main\\resources\\zh_CN\\element","type":"directory","isSymbolicLink":false,"children":[{"hashValue":"adb3c8f39d141ce6113255abe79ab540","name":"string.json","path":"C:\\Users\\amy\\projects\\MyApplication\\entry\\src\\main\\resources\\zh_CN\\element\\string.json","type":"file","isSymbolicLink":false,"fileMetaData":{"size":477,"lastModifiedTime":1703430277066}}]}]}]},"C:\\Users\\amy\\projects\\MyApplication\\AppScope\\resources":{"hashValue":"193a3c0d040c6ee1bf64095e1967a5f6","name":"resources","path":"C:\\Users\\amy\\projects\\MyApplication\\AppScope\\resources","type":"directory","isSymbolicLink":false,"children":[{"hashValue":"96355af020b397e0d1c9eb6c0c9b4862","name":"base","path":"C:\\Users\\amy\\projects\\MyApplication\\AppScope\\resources\\base","type":"directory","isSymbolicLink":false,"children":[{"hashValue":"139fc46bd38af3ffca8378781f21eba8","name":"element","path":"C:\\Users\\amy\\projects\\MyApplication\\AppScope\\resources\\base\\element","type":"directory","isSymbolicLink":false,"children":[{"hashValue":"c01248942f4182b26ddc81f84f8fd523","name":"string.json","path":"C:\\Users\\amy\\projects\\MyApplication\\AppScope\\resources\\base\\element\\string.json","type":"file","isSymbolicLink":false,"fileMetaData":{"size":98,"lastModifiedTime":1703314540936}}]},{"hashValue":"8fa6bf4d1ff6db4687264b839d994ff6","name":"media","path":"C:\\Users\\amy\\projects\\MyApplication\\AppScope\\resources\\base\\media","type":"directory","isSymbolicLink":false,"children":[{"hashValue":"95c4c72b19c6eb9f1e5cfe0e7a631658","name":"app_icon.png","path":"C:\\Users\\amy\\projects\\MyApplication\\AppScope\\resources\\base\\media\\app_icon.png","type":"file","isSymbolicLink":false,"fileMetaData":{"size":6790,"lastModifiedTime":1700732998846}}]}]}]},"C:\\Users\\amy\\projects\\MyApplication\\entry\\.preview\\default\\intermediates\\res\\default":{"hashValue":"d70e44722695fc970153c97445a88c59","name":"default","path":"C:\\Users\\amy\\projects\\MyApplication\\entry\\.preview\\default\\intermediates\\res\\default","type":"directory","isSymbolicLink":false,"children":[{"hashValue":"49cfc9fb1987db919ae00d8f6ee2f2a6","name":"app_compiled","path":"C:\\Users\\amy\\projects\\MyApplication\\entry\\.preview\\default\\intermediates\\res\\default\\app_compiled","type":"directory","isSymbolicLink":false,"children":[{"hashValue":"fc7af3a25270a9c4e2c0b49531f9ca8c","name":"11167185509431192874","path":"C:\\Users\\amy\\projects\\MyApplication\\entry\\.preview\\default\\intermediates\\res\\default\\app_compiled\\11167185509431192874","type":"file","isSymbolicLink":false,"fileMetaData":{"size":127,"lastModifiedTime":1704695307272}},{"hashValue":"56fe41496da03107b0466b878eeb52a6","name":"15237200561226052177","path":"C:\\Users\\amy\\projects\\MyApplication\\entry\\.preview\\default\\intermediates\\res\\default\\app_compiled\\15237200561226052177","type":"file","isSymbolicLink":false,"fileMetaData":{"size":196,"lastModifiedTime":1704695307273}}]},{"hashValue":"1d0473fb8b5657b073bab28cd6b4c3d5","name":"har_compiled","path":"C:\\Users\\amy\\projects\\MyApplication\\entry\\.preview\\default\\intermediates\\res\\default\\har_compiled","type":"directory","isSymbolicLink":false,"children":[{"hashValue":"12976e6070ebe9c9d2da0e9e881d431a","name":"15852410820139698192","path":"C:\\Users\\amy\\projects\\MyApplication\\entry\\.preview\\default\\intermediates\\res\\default\\har_compiled\\15852410820139698192","type":"file","isSymbolicLink":false,"fileMetaData":{"size":213,"lastModifiedTime":1704695307407}},{"hashValue":"2c7fc49e7ebd852580df85bf78746c4f","name":"6822190673398112869","path":"C:\\Users\\amy\\projects\\MyApplication\\entry\\.preview\\default\\intermediates\\res\\default\\har_compiled\\6822190673398112869","type":"file","isSymbolicLink":false,"fileMetaData":{"size":213,"lastModifiedTime":1704695307406}},{"hashValue":"a39fcf5947458c2ebc86ff6c84720322","name":"8035753976939054842","path":"C:\\Users\\amy\\projects\\MyApplication\\entry\\.preview\\default\\intermediates\\res\\default\\har_compiled\\8035753976939054842","type":"file","isSymbolicLink":false,"fileMetaData":{"size":195,"lastModifiedTime":1704695307405}}]},{"hashValue":"ba6e71435a2964df054bb92935576663","name":"module_compiled","path":"C:\\Users\\amy\\projects\\MyApplication\\entry\\.preview\\default\\intermediates\\res\\default\\module_compiled","type":"directory","isSymbolicLink":false,"children":[{"hashValue":"886bddc347b516e5ea49b8bd45cee565","name":"10037883126501079317","path":"C:\\Users\\amy\\projects\\MyApplication\\entry\\.preview\\default\\intermediates\\res\\default\\module_compiled\\10037883126501079317","type":"file","isSymbolicLink":false,"fileMetaData":{"size":226,"lastModifiedTime":1704695307337}},{"hashValue":"15fe6ecd0190574860d79c06faf7f157","name":"10062333604790077734","path":"C:\\Users\\amy\\projects\\MyApplication\\entry\\.preview\\default\\intermediates\\res\\default\\module_compiled\\10062333604790077734","type":"file","isSymbolicLink":false,"fileMetaData":{"size":226,"lastModifiedTime":1704695307335}},{"hashValue":"4dbb2c4b436bd91d0d8343de66ce5a28","name":"10442542557843634652","path":"C:\\Users\\amy\\projects\\MyApplication\\entry\\.preview\\default\\intermediates\\res\\default\\module_compiled\\10442542557843634652","type":"file","isSymbolicLink":false,"fileMetaData":{"size":202,"lastModifiedTime":1704695307341}},{"hashValue":"8baf96118173fe13e953365c5988da12","name":"11005886721754994555","path":"C:\\Users\\amy\\projects\\MyApplication\\entry\\.preview\\default\\intermediates\\res\\default\\module_compiled\\11005886721754994555","type":"file","isSymbolicLink":false,"fileMetaData":{"size":232,"lastModifiedTime":1704695307340}},{"hashValue":"8e0ca820c402282466c2e3446ef11db4","name":"11067800665293364289","path":"C:\\Users\\amy\\projects\\MyApplication\\entry\\.preview\\default\\intermediates\\res\\default\\module_compiled\\11067800665293364289","type":"file","isSymbolicLink":false,"fileMetaData":{"size":839,"lastModifiedTime":1704695307327}},{"hashValue":"3666b3f1408f9b6cb872fe5ace936d97","name":"11155802141314756101","path":"C:\\Users\\amy\\projects\\MyApplication\\entry\\.preview\\default\\intermediates\\res\\default\\module_compiled\\11155802141314756101","type":"file","isSymbolicLink":false,"fileMetaData":{"size":205,"lastModifiedTime":1704695307335}},{"hashValue":"ca1fbb75680b621229a5b11340752a05","name":"1124830597023131779","path":"C:\\Users\\amy\\projects\\MyApplication\\entry\\.preview\\default\\intermediates\\res\\default\\module_compiled\\1124830597023131779","type":"file","isSymbolicLink":false,"fileMetaData":{"size":947,"lastModifiedTime":1704695307346}},{"hashValue":"db1d948860dd31108e59a4125f3f7759","name":"12013341004210506621","path":"C:\\Users\\amy\\projects\\MyApplication\\entry\\.preview\\default\\intermediates\\res\\default\\module_compiled\\12013341004210506621","type":"file","isSymbolicLink":false,"fileMetaData":{"size":208,"lastModifiedTime":1704695307344}},{"hashValue":"f9cdd2879d2f0960ee1c5f288740c632","name":"148170053997260870","path":"C:\\Users\\amy\\projects\\MyApplication\\entry\\.preview\\default\\intermediates\\res\\default\\module_compiled\\148170053997260870","type":"file","isSymbolicLink":false,"fileMetaData":{"size":221,"lastModifiedTime":1704695307345}},{"hashValue":"57253d39e30c57f521776b20f4ff8c4e","name":"15624169730191325949","path":"C:\\Users\\amy\\projects\\MyApplication\\entry\\.preview\\default\\intermediates\\res\\default\\module_compiled\\15624169730191325949","type":"file","isSymbolicLink":false,"fileMetaData":{"size":142,"lastModifiedTime":1704695307326}},{"hashValue":"10a1800b652c8f5f773de573146b28ec","name":"15758461648684822626","path":"C:\\Users\\amy\\projects\\MyApplication\\entry\\.preview\\default\\intermediates\\res\\default\\module_compiled\\15758461648684822626","type":"file","isSymbolicLink":false,"fileMetaData":{"size":949,"lastModifiedTime":1704695307348}},{"hashValue":"f5ce75e3ffe8ceba69353e50f9cac2ce","name":"16258931130547177398","path":"C:\\Users\\amy\\projects\\MyApplication\\entry\\.preview\\default\\intermediates\\res\\default\\module_compiled\\16258931130547177398","type":"file","isSymbolicLink":false,"fileMetaData":{"size":208,"lastModifiedTime":1704695307332}},{"hashValue":"b32d5394f014596433342c9d8f8914d5","name":"16783789095427437993","path":"C:\\Users\\amy\\projects\\MyApplication\\entry\\.preview\\default\\intermediates\\res\\default\\module_compiled\\16783789095427437993","type":"file","isSymbolicLink":false,"fileMetaData":{"size":235,"lastModifiedTime":1704695307339}},{"hashValue":"c552f3be13356ff8a9e88b2dd7f42423","name":"1716841326105707217","path":"C:\\Users\\amy\\projects\\MyApplication\\entry\\.preview\\default\\intermediates\\res\\default\\module_compiled\\1716841326105707217","type":"file","isSymbolicLink":false,"fileMetaData":{"size":232,"lastModifiedTime":1704695307337}},{"hashValue":"c30bf190467dd5a103f7a9cd2907ae5b","name":"18291052998287972567","path":"C:\\Users\\amy\\projects\\MyApplication\\entry\\.preview\\default\\intermediates\\res\\default\\module_compiled\\18291052998287972567","type":"file","isSymbolicLink":false,"fileMetaData":{"size":196,"lastModifiedTime":1704695307331}},{"hashValue":"77ac410863ef08b17958d1b07d1dd8fa","name":"1921205190882590976","path":"C:\\Users\\amy\\projects\\MyApplication\\entry\\.preview\\default\\intermediates\\res\\default\\module_compiled\\1921205190882590976","type":"file","isSymbolicLink":false,"fileMetaData":{"size":202,"lastModifiedTime":1704695307343}},{"hashValue":"775ee4a5ce014f8230b7e7d9f3445b5a","name":"2185903731036688988","path":"C:\\Users\\amy\\projects\\MyApplication\\entry\\.preview\\default\\intermediates\\res\\default\\module_compiled\\2185903731036688988","type":"file","isSymbolicLink":false,"fileMetaData":{"size":238,"lastModifiedTime":1704695307340}},{"hashValue":"422a47618b8cb93de6efb16849cc6b1e","name":"2202184083046649675","path":"C:\\Users\\amy\\projects\\MyApplication\\entry\\.preview\\default\\intermediates\\res\\default\\module_compiled\\2202184083046649675","type":"file","isSymbolicLink":false,"fileMetaData":{"size":244,"lastModifiedTime":1704695307338}},{"hashValue":"72a0a4df93a8f939cb5748b3fa6715bf","name":"2595343805703209028","path":"C:\\Users\\amy\\projects\\MyApplication\\entry\\.preview\\default\\intermediates\\res\\default\\module_compiled\\2595343805703209028","type":"file","isSymbolicLink":false,"fileMetaData":{"size":253,"lastModifiedTime":1704695307338}},{"hashValue":"2f17574f9bbf5b5285958f10de593a84","name":"2699208681113803766","path":"C:\\Users\\amy\\projects\\MyApplication\\entry\\.preview\\default\\intermediates\\res\\default\\module_compiled\\2699208681113803766","type":"file","isSymbolicLink":false,"fileMetaData":{"size":223,"lastModifiedTime":1704695307336}},{"hashValue":"915fdeef057e262f6e79e661e78476bc","name":"3346640479328625467","path":"C:\\Users\\amy\\projects\\MyApplication\\entry\\.preview\\default\\intermediates\\res\\default\\module_compiled\\3346640479328625467","type":"file","isSymbolicLink":false,"fileMetaData":{"size":193,"lastModifiedTime":1704695307343}},{"hashValue":"16d3c077f4a7d72b085ba210f253752c","name":"348955464480979969","path":"C:\\Users\\amy\\projects\\MyApplication\\entry\\.preview\\default\\intermediates\\res\\default\\module_compiled\\348955464480979969","type":"file","isSymbolicLink":false,"fileMetaData":{"size":220,"lastModifiedTime":1704695307332}},{"hashValue":"b76ec34754fa35874bba643ac9923cb5","name":"5006480152335224142","path":"C:\\Users\\amy\\projects\\MyApplication\\entry\\.preview\\default\\intermediates\\res\\default\\module_compiled\\5006480152335224142","type":"file","isSymbolicLink":false,"fileMetaData":{"size":220,"lastModifiedTime":1704695307342}},{"hashValue":"14bf7f63d73851b8a08fc29dab39d1b8","name":"5499995455384866727","path":"C:\\Users\\amy\\projects\\MyApplication\\entry\\.preview\\default\\intermediates\\res\\default\\module_compiled\\5499995455384866727","type":"file","isSymbolicLink":false,"fileMetaData":{"size":220,"lastModifiedTime":1704695307334}},{"hashValue":"923c9c1707f8c3e26a58af415113ac5d","name":"7308682011685391627","path":"C:\\Users\\amy\\projects\\MyApplication\\entry\\.preview\\default\\intermediates\\res\\default\\module_compiled\\7308682011685391627","type":"file","isSymbolicLink":false,"fileMetaData":{"size":196,"lastModifiedTime":1704695307333}}]},{"hashValue":"98b2775aa837ca96f742729b7d7e57b2","name":"module.json","path":"C:\\Users\\amy\\projects\\MyApplication\\entry\\.preview\\default\\intermediates\\res\\default\\module.json","type":"file","isSymbolicLink":false,"fileMetaData":{"size":2949,"lastModifiedTime":1704695307505}},{"hashValue":"54cde5bdc72b98f301694e0f6c78f3c9","name":"resources","path":"C:\\Users\\amy\\projects\\MyApplication\\entry\\.preview\\default\\intermediates\\res\\default\\resources","type":"directory","isSymbolicLink":false,"children":[{"hashValue":"07800683ac84c83966abbc1542f9d3e1","name":"base","path":"C:\\Users\\amy\\projects\\MyApplication\\entry\\.preview\\default\\intermediates\\res\\default\\resources\\base","type":"directory","isSymbolicLink":false,"children":[{"hashValue":"17f3dbb695be3cca923d365306a28efa","name":"profile","path":"C:\\Users\\amy\\projects\\MyApplication\\entry\\.preview\\default\\intermediates\\res\\default\\resources\\base\\profile","type":"directory","isSymbolicLink":false,"children":[{"hashValue":"06b17f3a4f3d73ae9802ca7f2385dfaf","name":"main_pages.json","path":"C:\\Users\\amy\\projects\\MyApplication\\entry\\.preview\\default\\intermediates\\res\\default\\resources\\base\\profile\\main_pages.json","type":"file","isSymbolicLink":false,"fileMetaData":{"size":308,"lastModifiedTime":1704695319566}}]}]}]},{"hashValue":"ba60e2e98242cb77345ae6d03874cbf5","name":"resources.index","path":"C:\\Users\\amy\\projects\\MyApplication\\entry\\.preview\\default\\intermediates\\res\\default\\resources.index","type":"file","isSymbolicLink":false,"fileMetaData":{"size":4194,"lastModifiedTime":1704695307503}},{"hashValue":"15529a6853130bfdb44a990fd5c0f72c","name":"ResourceTable.txt","path":"C:\\Users\\amy\\projects\\MyApplication\\entry\\.preview\\default\\intermediates\\res\\default\\ResourceTable.txt","type":"file","isSymbolicLink":false,"fileMetaData":{"size":956,"lastModifiedTime":1704695307506}}]},"C:\\Users\\amy\\projects\\MyApplication\\entry\\.preview\\default\\generated\\r\\default\\ResourceTable.h":{"hashValue":"3aff030c8ee539cfd63562026164f439","name":"ResourceTable.h","path":"C:\\Users\\amy\\projects\\MyApplication\\entry\\.preview\\default\\generated\\r\\default\\ResourceTable.h","type":"file","isSymbolicLink":false,"fileMetaData":{"size":2189,"lastModifiedTime":1704695307505}},"C:\\Users\\amy\\projects\\MyApplication\\entry\\.preview\\default\\generated\\r\\default":{"hashValue":"0188b1f0402e929e6bd68585613048cf","name":"default","path":"C:\\Users\\amy\\projects\\MyApplication\\entry\\.preview\\default\\generated\\r\\default","type":"directory","isSymbolicLink":false,"children":[{"hashValue":"3aff030c8ee539cfd63562026164f439","name":"ResourceTable.h","path":"C:\\Users\\amy\\projects\\MyApplication\\entry\\.preview\\default\\generated\\r\\default\\ResourceTable.h","type":"file","isSymbolicLink":false,"fileMetaData":{"size":2189,"lastModifiedTime":1704695307505}}]},"C:\\Users\\amy\\projects\\MyApplication\\entry\\.preview\\config\\buildConfig.json":{"hashValue":"74bc07af82f5c5029ba2635d33186672","name":"buildConfig.json","path":"C:\\Users\\amy\\projects\\MyApplication\\entry\\.preview\\config\\buildConfig.json","type":"file","isSymbolicLink":false,"fileMetaData":{"size":2100,"lastModifiedTime":1704695305551}},"C:\\Users\\amy\\projects\\MyApplication\\entry\\.preview\\default\\intermediates\\res\\default\\module.json":{"hashValue":"98b2775aa837ca96f742729b7d7e57b2","name":"module.json","path":"C:\\Users\\amy\\projects\\MyApplication\\entry\\.preview\\default\\intermediates\\res\\default\\module.json","type":"file","isSymbolicLink":false,"fileMetaData":{"size":2949,"lastModifiedTime":1704695307505}},"C:\\Users\\amy\\projects\\MyApplication\\entry\\.preview\\default\\intermediates\\res\\default\\resources\\base\\profile\\main_pages.json":{"hashValue":"06b17f3a4f3d73ae9802ca7f2385dfaf","name":"main_pages.json","path":"C:\\Users\\amy\\projects\\MyApplication\\entry\\.preview\\default\\intermediates\\res\\default\\resources\\base\\profile\\main_pages.json","type":"file","isSymbolicLink":false,"fileMetaData":{"size":308,"lastModifiedTime":1704695319566}},"C:\\Users\\amy\\projects\\MyApplication\\entry\\.preview\\default\\intermediates\\loader\\default":{"hashValue":"d29ee13a714b9a65f687bd65cbc3df8b","name":"default","path":"C:\\Users\\amy\\projects\\MyApplication\\entry\\.preview\\default\\intermediates\\loader\\default","type":"directory","isSymbolicLink":false,"children":[{"hashValue":"1d92b0a0e108d1979859eb7f8b1c2b01","name":"loader.json","path":"C:\\Users\\amy\\projects\\MyApplication\\entry\\.preview\\default\\intermediates\\loader\\default\\loader.json","type":"file","isSymbolicLink":false,"fileMetaData":{"size":366,"lastModifiedTime":1704695306887}}]},"C:\\Users\\amy\\projects\\MyApplication\\entry\\.preview\\default\\intermediates\\res\\default\\ResourceTable.txt":{"hashValue":"15529a6853130bfdb44a990fd5c0f72c","name":"ResourceTable.txt","path":"C:\\Users\\amy\\projects\\MyApplication\\entry\\.preview\\default\\intermediates\\res\\default\\ResourceTable.txt","type":"file","isSymbolicLink":false,"fileMetaData":{"size":956,"lastModifiedTime":1704695307506}},"C:\\Users\\amy\\projects\\MyApplication\\entry\\.preview\\default\\intermediates\\res\\default\\resources\\base\\profile":{"hashValue":"17f3dbb695be3cca923d365306a28efa","name":"profile","path":"C:\\Users\\amy\\projects\\MyApplication\\entry\\.preview\\default\\intermediates\\res\\default\\resources\\base\\profile","type":"directory","isSymbolicLink":false,"children":[{"hashValue":"06b17f3a4f3d73ae9802ca7f2385dfaf","name":"main_pages.json","path":"C:\\Users\\amy\\projects\\MyApplication\\entry\\.preview\\default\\intermediates\\res\\default\\resources\\base\\profile\\main_pages.json","type":"file","isSymbolicLink":false,"fileMetaData":{"size":308,"lastModifiedTime":1704695319566}}]},"C:\\Users\\amy\\projects\\MyApplication\\entry\\src\\main\\ets":{"hashValue":"c426236c896be459014b1609148e8e0c","name":"ets","path":"C:\\Users\\amy\\projects\\MyApplication\\entry\\src\\main\\ets","type":"directory","isSymbolicLink":false,"children":[{"hashValue":"8a7e04fb3bf3cc705971b7cfb6b9e772","name":"common","path":"C:\\Users\\amy\\projects\\MyApplication\\entry\\src\\main\\ets\\common","type":"directory","isSymbolicLink":false,"children":[{"hashValue":"185bb1fce2e28668cf79ba42545c3f2c","name":"components","path":"C:\\Users\\amy\\projects\\MyApplication\\entry\\src\\main\\ets\\common\\components","type":"directory","isSymbolicLink":false,"children":[{"hashValue":"83c50d098399624fed729b4aefe71b8f","name":"CommonComponents.ets","path":"C:\\Users\\amy\\projects\\MyApplication\\entry\\src\\main\\ets\\common\\components\\CommonComponents.ets","type":"file","isSymbolicLink":false,"fileMetaData":{"size":815,"lastModifiedTime":1703991686481}}]},{"hashValue":"50e547d3f143f8400e26115b571f8613","name":"util","path":"C:\\Users\\amy\\projects\\MyApplication\\entry\\src\\main\\ets\\common\\util","type":"directory","isSymbolicLink":false,"children":[{"hashValue":"238c0c96e8b367b8ad9ac10cfae8d3e4","name":"PreferencesUtil.ts","path":"C:\\Users\\amy\\projects\\MyApplication\\entry\\src\\main\\ets\\common\\util\\PreferencesUtil.ts","type":"file","isSymbolicLink":false,"fileMetaData":{"size":1773,"lastModifiedTime":1704184531082}}]}]},{"hashValue":"25271d2fa6b5a20acdab0ec37f25646b","name":"documentability","path":"C:\\Users\\amy\\projects\\MyApplication\\entry\\src\\main\\ets\\documentability","type":"directory","isSymbolicLink":false,"children":[{"hashValue":"0b51c0ad0f8f1e618f20b9a078e25eef","name":"DocumentAbility.ts","path":"C:\\Users\\amy\\projects\\MyApplication\\entry\\src\\main\\ets\\documentability\\DocumentAbility.ts","type":"file","isSymbolicLink":false,"fileMetaData":{"size":1427,"lastModifiedTime":1703430520670}}]},{"hashValue":"8f44ac72e2c70c8becf808ada259fb7c","name":"entryability","path":"C:\\Users\\amy\\projects\\MyApplication\\entry\\src\\main\\ets\\entryability","type":"directory","isSymbolicLink":false,"children":[{"hashValue":"e20e325f0e69c3869a007cdbaf2e9b8c","name":"EntryAbility.ets","path":"C:\\Users\\amy\\projects\\MyApplication\\entry\\src\\main\\ets\\entryability\\EntryAbility.ets","type":"file","isSymbolicLink":false,"fileMetaData":{"size":1751,"lastModifiedTime":1704363245908}}]},{"hashValue":"86200d7de929d67807d3fa5bad082682","name":"model","path":"C:\\Users\\amy\\projects\\MyApplication\\entry\\src\\main\\ets\\model","type":"directory","isSymbolicLink":false,"children":[{"hashValue":"8641c452a5a91fbfa6f1e4ac785ed938","name":"ShopModel.ts","path":"C:\\Users\\amy\\projects\\MyApplication\\entry\\src\\main\\ets\\model\\ShopModel.ts","type":"file","isSymbolicLink":false,"fileMetaData":{"size":3545,"lastModifiedTime":1704333782327}},{"hashValue":"6c289dea0e39aefa35bdf0f37ccbbd76","name":"TaskModel.ets","path":"C:\\Users\\amy\\projects\\MyApplication\\entry\\src\\main\\ets\\model\\TaskModel.ets","type":"file","isSymbolicLink":false,"fileMetaData":{"size":2982,"lastModifiedTime":1704334590936}}]},{"hashValue":"22404afbf955275cfdaadcbf520cefa7","name":"myabilitystage","path":"C:\\Users\\amy\\projects\\MyApplication\\entry\\src\\main\\ets\\myabilitystage","type":"directory","isSymbolicLink":false,"children":[{"hashValue":"727b4cfbaf7297a62765b82a0e5e12b4","name":"MyAbilityStage.ts","path":"C:\\Users\\amy\\projects\\MyApplication\\entry\\src\\main\\ets\\myabilitystage\\MyAbilityStage.ts","type":"file","isSymbolicLink":false,"fileMetaData":{"size":347,"lastModifiedTime":1703431352289}}]},{"hashValue":"d28dcaad81d90ecfcbbdb5b8593b3f86","name":"pages","path":"C:\\Users\\amy\\projects\\MyApplication\\entry\\src\\main\\ets\\pages","type":"directory","isSymbolicLink":false,"children":[{"hashValue":"a8d9e425954fdea70ecff02df5abdfb3","name":"AnimationPage.ets","path":"C:\\Users\\amy\\projects\\MyApplication\\entry\\src\\main\\ets\\pages\\AnimationPage.ets","type":"file","isSymbolicLink":false,"fileMetaData":{"size":3015,"lastModifiedTime":1702905044301}},{"hashValue":"8b319f99ff69b99aa16b21f6c0d2d1fc","name":"AnimationPage2.ets","path":"C:\\Users\\amy\\projects\\MyApplication\\entry\\src\\main\\ets\\pages\\AnimationPage2.ets","type":"file","isSymbolicLink":false,"fileMetaData":{"size":4850,"lastModifiedTime":1702891088171}},{"hashValue":"8ae90e76f3fbebcc3ebe730a8ebc4917","name":"DocumentListPage.ets","path":"C:\\Users\\amy\\projects\\MyApplication\\entry\\src\\main\\ets\\pages\\DocumentListPage.ets","type":"file","isSymbolicLink":false,"fileMetaData":{"size":1966,"lastModifiedTime":1704166107468}},{"hashValue":"ea9d8a87139140df3766ac212f0971b0","name":"DocumentPage.ets","path":"C:\\Users\\amy\\projects\\MyApplication\\entry\\src\\main\\ets\\pages\\DocumentPage.ets","type":"file","isSymbolicLink":false,"fileMetaData":{"size":1701,"lastModifiedTime":1703431442784}},{"hashValue":"7da193451ac03cf0ca50d463ac0e0ee4","name":"ImagePage.ets","path":"C:\\Users\\amy\\projects\\MyApplication\\entry\\src\\main\\ets\\pages\\ImagePage.ets","type":"file","isSymbolicLink":false,"fileMetaData":{"size":1742,"lastModifiedTime":1704166107450}},{"hashValue":"6ea56b5bfd78d21c6f77ef32858ecfc4","name":"Index.ets","path":"C:\\Users\\amy\\projects\\MyApplication\\entry\\src\\main\\ets\\pages\\Index.ets","type":"file","isSymbolicLink":false,"fileMetaData":{"size":2371,"lastModifiedTime":1704368378852}},{"hashValue":"6f0e4415beb8adabcbe1882483e79d50","name":"ItemPage.ets","path":"C:\\Users\\amy\\projects\\MyApplication\\entry\\src\\main\\ets\\pages\\ItemPage.ets","type":"file","isSymbolicLink":false,"fileMetaData":{"size":3676,"lastModifiedTime":1704166107503}},{"hashValue":"14f780252f43f599bb59a354b4f3b26b","name":"LifeCirclePage.ets","path":"C:\\Users\\amy\\projects\\MyApplication\\entry\\src\\main\\ets\\pages\\LifeCirclePage.ets","type":"file","isSymbolicLink":false,"fileMetaData":{"size":2115,"lastModifiedTime":1704166107485}},{"hashValue":"41547f9374273e87b344c6898f19ffbe","name":"NotificationPage.ets","path":"C:\\Users\\amy\\projects\\MyApplication\\entry\\src\\main\\ets\\pages\\NotificationPage.ets","type":"file","isSymbolicLink":false,"fileMetaData":{"size":4102,"lastModifiedTime":1704698195575}},{"hashValue":"59abbf2aa15a4200bfe979a98ad41c77","name":"PropPage.ets","path":"C:\\Users\\amy\\projects\\MyApplication\\entry\\src\\main\\ets\\pages\\PropPage.ets","type":"file","isSymbolicLink":false,"fileMetaData":{"size":3682,"lastModifiedTime":1704166107477}},{"hashValue":"1ac000707b6e522635c13714da5977a9","name":"ShopPage.ets","path":"C:\\Users\\amy\\projects\\MyApplication\\entry\\src\\main\\ets\\pages\\ShopPage.ets","type":"file","isSymbolicLink":false,"fileMetaData":{"size":1542,"lastModifiedTime":1704333176925}},{"hashValue":"546501b54ee4f9fafefc14c67f7de732","name":"StatePage.ets","path":"C:\\Users\\amy\\projects\\MyApplication\\entry\\src\\main\\ets\\pages\\StatePage.ets","type":"file","isSymbolicLink":false,"fileMetaData":{"size":1968,"lastModifiedTime":1704166107495}},{"hashValue":"980c09b36028a19a336e3ffa608fd616","name":"TaskManagePage.ets","path":"C:\\Users\\amy\\projects\\MyApplication\\entry\\src\\main\\ets\\pages\\TaskManagePage.ets","type":"file","isSymbolicLink":false,"fileMetaData":{"size":655,"lastModifiedTime":1704202289282}},{"hashValue":"a40f6573331baa1ef4a550af29e24625","name":"TestPage1.ets","path":"C:\\Users\\amy\\projects\\MyApplication\\entry\\src\\main\\ets\\pages\\TestPage1.ets","type":"file","isSymbolicLink":false,"fileMetaData":{"size":1145,"lastModifiedTime":1703407942697}},{"hashValue":"77346c66c0f6103300422eb83cdc2751","name":"TestPage2.ets","path":"C:\\Users\\amy\\projects\\MyApplication\\entry\\src\\main\\ets\\pages\\TestPage2.ets","type":"file","isSymbolicLink":false,"fileMetaData":{"size":1113,"lastModifiedTime":1703407953811}}]},{"hashValue":"f3160d54cbd99b86e6db45d3524f0cc1","name":"viewmodel","path":"C:\\Users\\amy\\projects\\MyApplication\\entry\\src\\main\\ets\\viewmodel","type":"directory","isSymbolicLink":false,"children":[{"hashValue":"b56af2e903ba69fe3435320ec52247e5","name":"RouterInfo.ts","path":"C:\\Users\\amy\\projects\\MyApplication\\entry\\src\\main\\ets\\viewmodel\\RouterInfo.ts","type":"file","isSymbolicLink":false,"fileMetaData":{"size":202,"lastModifiedTime":1704166635523}},{"hashValue":"abef0f51237e2abbb2441a514a6e0a00","name":"ShopInfo.ts","path":"C:\\Users\\amy\\projects\\MyApplication\\entry\\src\\main\\ets\\viewmodel\\ShopInfo.ts","type":"file","isSymbolicLink":false,"fileMetaData":{"size":197,"lastModifiedTime":1703990303094}},{"hashValue":"4a7d44e30832443250c768290b754553","name":"TaskInfo.ets","path":"C:\\Users\\amy\\projects\\MyApplication\\entry\\src\\main\\ets\\viewmodel\\TaskInfo.ets","type":"file","isSymbolicLink":false,"fileMetaData":{"size":267,"lastModifiedTime":1704363204462}}]},{"hashValue":"7da48ac5060bcbcf5babf1a65f9fab64","name":"views","path":"C:\\Users\\amy\\projects\\MyApplication\\entry\\src\\main\\ets\\views","type":"directory","isSymbolicLink":false,"children":[{"hashValue":"9fcbc4a51cb38682412fa73418d3632b","name":"IndexFontSizePanel.ets","path":"C:\\Users\\amy\\projects\\MyApplication\\entry\\src\\main\\ets\\views\\IndexFontSizePanel.ets","type":"file","isSymbolicLink":false,"fileMetaData":{"size":1062,"lastModifiedTime":1704184900524}},{"hashValue":"9a48f7132aa00f2166c4f8fc0b9fe39e","name":"notification","path":"C:\\Users\\amy\\projects\\MyApplication\\entry\\src\\main\\ets\\views\\notification","type":"directory","isSymbolicLink":false,"children":[{"hashValue":"bb5fb61ab82d316f6fb625b38c1c1305","name":"DownloadCard.ets","path":"C:\\Users\\amy\\projects\\MyApplication\\entry\\src\\main\\ets\\views\\notification\\DownloadCard.ets","type":"file","isSymbolicLink":false,"fileMetaData":{"size":5604,"lastModifiedTime":1704718215961}}]},{"hashValue":"1a9766e525ec42956603c199bd2d9f44","name":"RouterItem.ets","path":"C:\\Users\\amy\\projects\\MyApplication\\entry\\src\\main\\ets\\views\\RouterItem.ets","type":"file","isSymbolicLink":false,"fileMetaData":{"size":946,"lastModifiedTime":1704168250801}},{"hashValue":"8b2856b407edab5731e4c5f84a7a0bb7","name":"ShopItem.ets","path":"C:\\Users\\amy\\projects\\MyApplication\\entry\\src\\main\\ets\\views\\ShopItem.ets","type":"file","isSymbolicLink":false,"fileMetaData":{"size":1490,"lastModifiedTime":1704034473757}},{"hashValue":"1e90b2df1396751f33cb78b1e791687d","name":"task","path":"C:\\Users\\amy\\projects\\MyApplication\\entry\\src\\main\\ets\\views\\task","type":"directory","isSymbolicLink":false,"children":[{"hashValue":"37e0140206802cf7ba37fd0d20a53b68","name":"TaskItem.ets","path":"C:\\Users\\amy\\projects\\MyApplication\\entry\\src\\main\\ets\\views\\task\\TaskItem.ets","type":"file","isSymbolicLink":false,"fileMetaData":{"size":1315,"lastModifiedTime":1704363239330}},{"hashValue":"4421697e6b22e356ad6173f1ff4f63b1","name":"TaskList.ets","path":"C:\\Users\\amy\\projects\\MyApplication\\entry\\src\\main\\ets\\views\\task\\TaskList.ets","type":"file","isSymbolicLink":false,"fileMetaData":{"size":3598,"lastModifiedTime":1704363222955}},{"hashValue":"07bc8c4bc56bebdf55fd5b28367b02b5","name":"TaskStatistics.ets","path":"C:\\Users\\amy\\projects\\MyApplication\\entry\\src\\main\\ets\\views\\task\\TaskStatistics.ets","type":"file","isSymbolicLink":false,"fileMetaData":{"size":935,"lastModifiedTime":1704189707770}}]}]}]},"C:\\Users\\amy\\projects\\MyApplication\\entry\\build\\default\\intermediates\\hap_metadata\\default\\output_metadata.json":{"hashValue":"a1eb1ca7db85ede9a6bc85dfd31890b5","name":"output_metadata.json","path":"C:\\Users\\amy\\projects\\MyApplication\\entry\\build\\default\\intermediates\\hap_metadata\\default\\output_metadata.json","type":"file","isSymbolicLink":false,"fileMetaData":{"size":93,"lastModifiedTime":1704200390155}},"C:\\Users\\amy\\projects\\MyApplication\\entry\\build\\default\\intermediates\\merge_profile\\default\\module.json":{"hashValue":"14c1abeca2bb1db76e0e3b10970b0649","name":"module.json","path":"C:\\Users\\amy\\projects\\MyApplication\\entry\\build\\default\\intermediates\\merge_profile\\default\\module.json","type":"file","isSymbolicLink":false,"fileMetaData":{"size":1560,"lastModifiedTime":1704701240361}},"C:\\Users\\amy\\projects\\MyApplication\\entry\\build\\default\\intermediates\\loader\\default\\loader.json":{"hashValue":"e1bd6311b1b836d71bd7af79826a9726","name":"loader.json","path":"C:\\Users\\amy\\projects\\MyApplication\\entry\\build\\default\\intermediates\\loader\\default\\loader.json","type":"file","isSymbolicLink":false,"fileMetaData":{"size":796,"lastModifiedTime":1704718233925}},"C:\\Users\\amy\\projects\\MyApplication\\entry\\build\\default\\outputs\\default\\pack.info":{"hashValue":"c7573c0d806ccf40c1a496240f588c0e","name":"pack.info","path":"C:\\Users\\amy\\projects\\MyApplication\\entry\\build\\default\\outputs\\default\\pack.info","type":"file","isSymbolicLink":false,"fileMetaData":{"size":610,"lastModifiedTime":1704200390186}},"C:\\Users\\amy\\projects\\MyApplication\\entry\\build\\default\\intermediates\\process_profile\\default\\module.json":{"hashValue":"e94f8ab86d4576f9c9d4448d8280055f","name":"module.json","path":"C:\\Users\\amy\\projects\\MyApplication\\entry\\build\\default\\intermediates\\process_profile\\default\\module.json","type":"file","isSymbolicLink":false,"fileMetaData":{"size":1645,"lastModifiedTime":1704701240554}},"C:\\Users\\amy\\projects\\MyApplication\\entry\\build\\default\\intermediates\\res\\default\\resConfig.json":{"hashValue":"a6043a6c02a6bb8450a3687014a1ff38","name":"resConfig.json","path":"C:\\Users\\amy\\projects\\MyApplication\\entry\\build\\default\\intermediates\\res\\default\\resConfig.json","type":"file","isSymbolicLink":false,"fileMetaData":{"size":745,"lastModifiedTime":1704169460514}},"C:\\Users\\amy\\projects\\MyApplication\\entry\\build\\default\\intermediates\\libs\\default":{"hashValue":"","name":"default","path":"C:\\Users\\amy\\projects\\MyApplication\\entry\\build\\default\\intermediates\\libs\\default","type":"directory","isSymbolicLink":false,"children":[]},"C:\\Users\\amy\\projects\\MyApplication\\entry\\build\\default\\intermediates\\res\\default":{"hashValue":"91fb60d3184165a7f8df13ec0d06c5c4","name":"default","path":"C:\\Users\\amy\\projects\\MyApplication\\entry\\build\\default\\intermediates\\res\\default","type":"directory","isSymbolicLink":false,"children":[{"hashValue":"16f121a44b54d5f51e5acdb908cd3940","name":"module.json","path":"C:\\Users\\amy\\projects\\MyApplication\\entry\\build\\default\\intermediates\\res\\default\\module.json","type":"file","isSymbolicLink":false,"fileMetaData":{"size":2949,"lastModifiedTime":1704701240944}},{"hashValue":"a6043a6c02a6bb8450a3687014a1ff38","name":"resConfig.json","path":"C:\\Users\\amy\\projects\\MyApplication\\entry\\build\\default\\intermediates\\res\\default\\resConfig.json","type":"file","isSymbolicLink":false,"fileMetaData":{"size":745,"lastModifiedTime":1704169460514}},{"hashValue":"75272cfcba8795be8618a6efe90e24fe","name":"resources","path":"C:\\Users\\amy\\projects\\MyApplication\\entry\\build\\default\\intermediates\\res\\default\\resources","type":"directory","isSymbolicLink":false,"children":[{"hashValue":"3f1346e10184053b76fb215ac80cc95d","name":"base","path":"C:\\Users\\amy\\projects\\MyApplication\\entry\\build\\default\\intermediates\\res\\default\\resources\\base","type":"directory","isSymbolicLink":false,"children":[{"hashValue":"bffd53c2b0f77a6242ce193f3660dfa5","name":"media","path":"C:\\Users\\amy\\projects\\MyApplication\\entry\\build\\default\\intermediates\\res\\default\\resources\\base\\media","type":"directory","isSymbolicLink":false,"children":[{"hashValue":"95c4c72b19c6eb9f1e5cfe0e7a631658","name":"app_icon.png","path":"C:\\Users\\amy\\projects\\MyApplication\\entry\\build\\default\\intermediates\\res\\default\\resources\\base\\media\\app_icon.png","type":"file","isSymbolicLink":false,"fileMetaData":{"size":6790,"lastModifiedTime":1700732998846}},{"hashValue":"492cc39e8b29efee5945ea83ab88c1f6","name":"fish_rev.png","path":"C:\\Users\\amy\\projects\\MyApplication\\entry\\build\\default\\intermediates\\res\\default\\resources\\base\\media\\fish_rev.png","type":"file","isSymbolicLink":false,"fileMetaData":{"size":490754,"lastModifiedTime":1702461051992}},{"hashValue":"7d04082c5b884b0f560af339fa62e950","name":"fish.png","path":"C:\\Users\\amy\\projects\\MyApplication\\entry\\build\\default\\intermediates\\res\\default\\resources\\base\\media\\fish.png","type":"file","isSymbolicLink":false,"fileMetaData":{"size":496942,"lastModifiedTime":1702457206490}},{"hashValue":"a88fc139cd315855bc470fa7a7770512","name":"freeBudsPro3.png","path":"C:\\Users\\amy\\projects\\MyApplication\\entry\\build\\default\\intermediates\\res\\default\\resources\\base\\media\\freeBudsPro3.png","type":"file","isSymbolicLink":false,"fileMetaData":{"size":339041,"lastModifiedTime":1700922741870}},{"hashValue":"1b7b75c2a235eb1d4d267dd1d73a110d","name":"ic_files_doc.svg","path":"C:\\Users\\amy\\projects\\MyApplication\\entry\\build\\default\\intermediates\\res\\default\\resources\\base\\media\\ic_files_doc.svg","type":"file","isSymbolicLink":false,"fileMetaData":{"size":1293,"lastModifiedTime":1703429432297}},{"hashValue":"a3d447a2a6e85a5382d84240fc84d387","name":"ic_files_video.svg","path":"C:\\Users\\amy\\projects\\MyApplication\\entry\\build\\default\\intermediates\\res\\default\\resources\\base\\media\\ic_files_video.svg","type":"file","isSymbolicLink":false,"fileMetaData":{"size":1633,"lastModifiedTime":1704376923870}},{"hashValue":"97fd53c6c4a0a17a54ad5e1f3cc2d60c","name":"ic_main.png","path":"C:\\Users\\amy\\projects\\MyApplication\\entry\\build\\default\\intermediates\\res\\default\\resources\\base\\media\\ic_main.png","type":"file","isSymbolicLink":false,"fileMetaData":{"size":85205,"lastModifiedTime":1686636905814}},{"hashValue":"27b4785d0218c826f4677f4ba0c48776","name":"ic_public_add.svg","path":"C:\\Users\\amy\\projects\\MyApplication\\entry\\build\\default\\intermediates\\res\\default\\resources\\base\\media\\ic_public_add.svg","type":"file","isSymbolicLink":false,"fileMetaData":{"size":1010,"lastModifiedTime":1702966275770}},{"hashValue":"5ebd634c604fb0f1fd03dcff5b8581c9","name":"ic_public_back.png","path":"C:\\Users\\amy\\projects\\MyApplication\\entry\\build\\default\\intermediates\\res\\default\\resources\\base\\media\\ic_public_back.png","type":"file","isSymbolicLink":false,"fileMetaData":{"size":312,"lastModifiedTime":1701054131094}},{"hashValue":"4e8697c724c92bdccda75515e26de372","name":"ic_public_delete_filled.svg","path":"C:\\Users\\amy\\projects\\MyApplication\\entry\\build\\default\\intermediates\\res\\default\\resources\\base\\media\\ic_public_delete_filled.svg","type":"file","isSymbolicLink":false,"fileMetaData":{"size":1653,"lastModifiedTime":1701396283176}},{"hashValue":"bfb6f8b01e70c85da3e8dce3bb06e884","name":"ic_public_delete.svg","path":"C:\\Users\\amy\\projects\\MyApplication\\entry\\build\\default\\intermediates\\res\\default\\resources\\base\\media\\ic_public_delete.svg","type":"file","isSymbolicLink":false,"fileMetaData":{"size":2152,"lastModifiedTime":1701261392757}},{"hashValue":"be675a66c686a46a86af2d5f183ee300","name":"ic_public_highlights.svg","path":"C:\\Users\\amy\\projects\\MyApplication\\entry\\build\\default\\intermediates\\res\\default\\resources\\base\\media\\ic_public_highlights.svg","type":"file","isSymbolicLink":false,"fileMetaData":{"size":10132,"lastModifiedTime":1702966318642}},{"hashValue":"20cc3c0a0be6b40cf03822d2f3484e3c","name":"ic_public_refresh.png","path":"C:\\Users\\amy\\projects\\MyApplication\\entry\\build\\default\\intermediates\\res\\default\\resources\\base\\media\\ic_public_refresh.png","type":"file","isSymbolicLink":false,"fileMetaData":{"size":576,"lastModifiedTime":1701054254424}},{"hashValue":"dfc73f3701f1cb93ba5c1b84c4e8efb2","name":"ic_public_search.svg","path":"C:\\Users\\amy\\projects\\MyApplication\\entry\\build\\default\\intermediates\\res\\default\\resources\\base\\media\\ic_public_search.svg","type":"file","isSymbolicLink":false,"fileMetaData":{"size":1894,"lastModifiedTime":1702966254873}},{"hashValue":"d683ba38211ef469ea8927fc6cb17ad5","name":"ic_public_settings.svg","path":"C:\\Users\\amy\\projects\\MyApplication\\entry\\build\\default\\intermediates\\res\\default\\resources\\base\\media\\ic_public_settings.svg","type":"file","isSymbolicLink":false,"fileMetaData":{"size":5207,"lastModifiedTime":1703831651126}},{"hashValue":"032d9342a06c8badc3d0ec74015138d5","name":"icon.png","path":"C:\\Users\\amy\\projects\\MyApplication\\entry\\build\\default\\intermediates\\res\\default\\resources\\base\\media\\icon.png","type":"file","isSymbolicLink":false,"fileMetaData":{"size":6790,"lastModifiedTime":1700732999458}},{"hashValue":"39f113d7407619b4b6292ebba1ab2395","name":"mate60.png","path":"C:\\Users\\amy\\projects\\MyApplication\\entry\\build\\default\\intermediates\\res\\default\\resources\\base\\media\\mate60.png","type":"file","isSymbolicLink":false,"fileMetaData":{"size":475117,"lastModifiedTime":1700922065844}},{"hashValue":"ddaafd7793409b51796c283817afde40","name":"mateBookProX.png","path":"C:\\Users\\amy\\projects\\MyApplication\\entry\\build\\default\\intermediates\\res\\default\\resources\\base\\media\\mateBookProX.png","type":"file","isSymbolicLink":false,"fileMetaData":{"size":280228,"lastModifiedTime":1700920676802}},{"hashValue":"961fc83dcf34c42c1ea1916d81a0d8c6","name":"mateX5.png","path":"C:\\Users\\amy\\projects\\MyApplication\\entry\\build\\default\\intermediates\\res\\default\\resources\\base\\media\\mateX5.png","type":"file","isSymbolicLink":false,"fileMetaData":{"size":461261,"lastModifiedTime":1700921282663}},{"hashValue":"2c2f5cf54466ad03421f8ce2f4431320","name":"sea.jpg","path":"C:\\Users\\amy\\projects\\MyApplication\\entry\\build\\default\\intermediates\\res\\default\\resources\\base\\media\\sea.jpg","type":"file","isSymbolicLink":false,"fileMetaData":{"size":59981,"lastModifiedTime":1702472592143}},{"hashValue":"9f601dceae1ee49375d9a42ddabf307b","name":"watchGT4.png","path":"C:\\Users\\amy\\projects\\MyApplication\\entry\\build\\default\\intermediates\\res\\default\\resources\\base\\media\\watchGT4.png","type":"file","isSymbolicLink":false,"fileMetaData":{"size":260554,"lastModifiedTime":1700922644324}}]},{"hashValue":"e59d43213e42ebb66364f3ac824ef7c7","name":"profile","path":"C:\\Users\\amy\\projects\\MyApplication\\entry\\build\\default\\intermediates\\res\\default\\resources\\base\\profile","type":"directory","isSymbolicLink":false,"children":[{"hashValue":"cfe1cd0956e90a58cd700287725072b7","name":"main_pages.json","path":"C:\\Users\\amy\\projects\\MyApplication\\entry\\build\\default\\intermediates\\res\\default\\resources\\base\\profile\\main_pages.json","type":"file","isSymbolicLink":false,"fileMetaData":{"size":391,"lastModifiedTime":1704334614958}}]}]},{"hashValue":"","name":"rawfile","path":"C:\\Users\\amy\\projects\\MyApplication\\entry\\build\\default\\intermediates\\res\\default\\resources\\rawfile","type":"directory","isSymbolicLink":false,"children":[]}]},{"hashValue":"325de1fb430561cd8f0cd08330f8e480","name":"resources.index","path":"C:\\Users\\amy\\projects\\MyApplication\\entry\\build\\default\\intermediates\\res\\default\\resources.index","type":"file","isSymbolicLink":false,"fileMetaData":{"size":3210,"lastModifiedTime":1704701240945}},{"hashValue":"a4a294f834134bf65ef5bb312aa54bff","name":"ResourceTable.txt","path":"C:\\Users\\amy\\projects\\MyApplication\\entry\\build\\default\\intermediates\\res\\default\\ResourceTable.txt","type":"file","isSymbolicLink":false,"fileMetaData":{"size":956,"lastModifiedTime":1704701240940}}]},"C:\\Users\\amy\\projects\\MyApplication\\entry\\build\\default\\generated\\r\\default\\ResourceTable.h":{"hashValue":"5f6e25575e4e2c5ae7a2479d4547797b","name":"ResourceTable.h","path":"C:\\Users\\amy\\projects\\MyApplication\\entry\\build\\default\\generated\\r\\default\\ResourceTable.h","type":"file","isSymbolicLink":false,"fileMetaData":{"size":2189,"lastModifiedTime":1704701240939}},"C:\\Users\\amy\\projects\\MyApplication\\entry\\build\\default\\generated\\r\\default":{"hashValue":"97e3e5aac39bbda565f43b324296afa7","name":"default","path":"C:\\Users\\amy\\projects\\MyApplication\\entry\\build\\default\\generated\\r\\default","type":"directory","isSymbolicLink":false,"children":[{"hashValue":"5f6e25575e4e2c5ae7a2479d4547797b","name":"ResourceTable.h","path":"C:\\Users\\amy\\projects\\MyApplication\\entry\\build\\default\\generated\\r\\default\\ResourceTable.h","type":"file","isSymbolicLink":false,"fileMetaData":{"size":2189,"lastModifiedTime":1704701240939}}]},"C:\\Users\\amy\\projects\\MyApplication\\entry\\build\\default\\intermediates\\loader\\default":{"hashValue":"63a302d2007e58a5befaec2b90e3b688","name":"default","path":"C:\\Users\\amy\\projects\\MyApplication\\entry\\build\\default\\intermediates\\loader\\default","type":"directory","isSymbolicLink":false,"children":[{"hashValue":"51a9cc05f746c63f4ed02ed669358152","name":"loader.json","path":"C:\\Users\\amy\\projects\\MyApplication\\entry\\build\\default\\intermediates\\loader\\default\\loader.json","type":"file","isSymbolicLink":false,"fileMetaData":{"size":363,"lastModifiedTime":1704718233809}}]},"C:\\Users\\amy\\projects\\MyApplication\\entry\\build\\default\\intermediates\\res\\default\\ResourceTable.txt":{"hashValue":"a4a294f834134bf65ef5bb312aa54bff","name":"ResourceTable.txt","path":"C:\\Users\\amy\\projects\\MyApplication\\entry\\build\\default\\intermediates\\res\\default\\ResourceTable.txt","type":"file","isSymbolicLink":false,"fileMetaData":{"size":956,"lastModifiedTime":1704701240940}},"C:\\Users\\amy\\projects\\MyApplication\\entry\\build\\default\\intermediates\\res\\default\\module.json":{"hashValue":"16f121a44b54d5f51e5acdb908cd3940","name":"module.json","path":"C:\\Users\\amy\\projects\\MyApplication\\entry\\build\\default\\intermediates\\res\\default\\module.json","type":"file","isSymbolicLink":false,"fileMetaData":{"size":2949,"lastModifiedTime":1704701240944}},"C:\\Users\\amy\\projects\\MyApplication\\entry\\build\\default\\intermediates\\res\\default\\resources\\base\\profile":{"hashValue":"e59d43213e42ebb66364f3ac824ef7c7","name":"profile","path":"C:\\Users\\amy\\projects\\MyApplication\\entry\\build\\default\\intermediates\\res\\default\\resources\\base\\profile","type":"directory","isSymbolicLink":false,"children":[{"hashValue":"cfe1cd0956e90a58cd700287725072b7","name":"main_pages.json","path":"C:\\Users\\amy\\projects\\MyApplication\\entry\\build\\default\\intermediates\\res\\default\\resources\\base\\profile\\main_pages.json","type":"file","isSymbolicLink":false,"fileMetaData":{"size":391,"lastModifiedTime":1704334614958}}]},"C:\\Users\\amy\\projects\\MyApplication\\entry\\build\\default\\intermediates\\loader_out\\default\\ets":{"hashValue":"86959d1538992e16994c300050c82280","name":"ets","path":"C:\\Users\\amy\\projects\\MyApplication\\entry\\build\\default\\intermediates\\loader_out\\default\\ets","type":"directory","isSymbolicLink":false,"children":[{"hashValue":"218225b977aac9dff9f5765515c9503f","name":"modules.abc","path":"C:\\Users\\amy\\projects\\MyApplication\\entry\\build\\default\\intermediates\\loader_out\\default\\ets\\modules.abc","type":"file","isSymbolicLink":false,"fileMetaData":{"size":725216,"lastModifiedTime":1704718250818}},{"hashValue":"73eff98e2ad34db7c5c94d84588ce5ea","name":"sourceMaps.map","path":"C:\\Users\\amy\\projects\\MyApplication\\entry\\build\\default\\intermediates\\loader_out\\default\\ets\\sourceMaps.map","type":"file","isSymbolicLink":false,"fileMetaData":{"size":466099,"lastModifiedTime":1704718249113}},{"hashValue":"c4873ec5c4fcd171d53588d95b817905","name":"symbolMap.map","path":"C:\\Users\\amy\\projects\\MyApplication\\entry\\build\\default\\intermediates\\loader_out\\default\\ets\\symbolMap.map","type":"file","isSymbolicLink":false,"fileMetaData":{"size":213986,"lastModifiedTime":1704718250714}}]},"C:\\Users\\amy\\projects\\MyApplication\\entry\\build\\default\\intermediates\\res\\default\\resources":{"hashValue":"75272cfcba8795be8618a6efe90e24fe","name":"resources","path":"C:\\Users\\amy\\projects\\MyApplication\\entry\\build\\default\\intermediates\\res\\default\\resources","type":"directory","isSymbolicLink":false,"children":[{"hashValue":"3f1346e10184053b76fb215ac80cc95d","name":"base","path":"C:\\Users\\amy\\projects\\MyApplication\\entry\\build\\default\\intermediates\\res\\default\\resources\\base","type":"directory","isSymbolicLink":false,"children":[{"hashValue":"bffd53c2b0f77a6242ce193f3660dfa5","name":"media","path":"C:\\Users\\amy\\projects\\MyApplication\\entry\\build\\default\\intermediates\\res\\default\\resources\\base\\media","type":"directory","isSymbolicLink":false,"children":[{"hashValue":"95c4c72b19c6eb9f1e5cfe0e7a631658","name":"app_icon.png","path":"C:\\Users\\amy\\projects\\MyApplication\\entry\\build\\default\\intermediates\\res\\default\\resources\\base\\media\\app_icon.png","type":"file","isSymbolicLink":false,"fileMetaData":{"size":6790,"lastModifiedTime":1700732998846}},{"hashValue":"492cc39e8b29efee5945ea83ab88c1f6","name":"fish_rev.png","path":"C:\\Users\\amy\\projects\\MyApplication\\entry\\build\\default\\intermediates\\res\\default\\resources\\base\\media\\fish_rev.png","type":"file","isSymbolicLink":false,"fileMetaData":{"size":490754,"lastModifiedTime":1702461051992}},{"hashValue":"7d04082c5b884b0f560af339fa62e950","name":"fish.png","path":"C:\\Users\\amy\\projects\\MyApplication\\entry\\build\\default\\intermediates\\res\\default\\resources\\base\\media\\fish.png","type":"file","isSymbolicLink":false,"fileMetaData":{"size":496942,"lastModifiedTime":1702457206490}},{"hashValue":"a88fc139cd315855bc470fa7a7770512","name":"freeBudsPro3.png","path":"C:\\Users\\amy\\projects\\MyApplication\\entry\\build\\default\\intermediates\\res\\default\\resources\\base\\media\\freeBudsPro3.png","type":"file","isSymbolicLink":false,"fileMetaData":{"size":339041,"lastModifiedTime":1700922741870}},{"hashValue":"1b7b75c2a235eb1d4d267dd1d73a110d","name":"ic_files_doc.svg","path":"C:\\Users\\amy\\projects\\MyApplication\\entry\\build\\default\\intermediates\\res\\default\\resources\\base\\media\\ic_files_doc.svg","type":"file","isSymbolicLink":false,"fileMetaData":{"size":1293,"lastModifiedTime":1703429432297}},{"hashValue":"a3d447a2a6e85a5382d84240fc84d387","name":"ic_files_video.svg","path":"C:\\Users\\amy\\projects\\MyApplication\\entry\\build\\default\\intermediates\\res\\default\\resources\\base\\media\\ic_files_video.svg","type":"file","isSymbolicLink":false,"fileMetaData":{"size":1633,"lastModifiedTime":1704376923870}},{"hashValue":"97fd53c6c4a0a17a54ad5e1f3cc2d60c","name":"ic_main.png","path":"C:\\Users\\amy\\projects\\MyApplication\\entry\\build\\default\\intermediates\\res\\default\\resources\\base\\media\\ic_main.png","type":"file","isSymbolicLink":false,"fileMetaData":{"size":85205,"lastModifiedTime":1686636905814}},{"hashValue":"27b4785d0218c826f4677f4ba0c48776","name":"ic_public_add.svg","path":"C:\\Users\\amy\\projects\\MyApplication\\entry\\build\\default\\intermediates\\res\\default\\resources\\base\\media\\ic_public_add.svg","type":"file","isSymbolicLink":false,"fileMetaData":{"size":1010,"lastModifiedTime":1702966275770}},{"hashValue":"5ebd634c604fb0f1fd03dcff5b8581c9","name":"ic_public_back.png","path":"C:\\Users\\amy\\projects\\MyApplication\\entry\\build\\default\\intermediates\\res\\default\\resources\\base\\media\\ic_public_back.png","type":"file","isSymbolicLink":false,"fileMetaData":{"size":312,"lastModifiedTime":1701054131094}},{"hashValue":"4e8697c724c92bdccda75515e26de372","name":"ic_public_delete_filled.svg","path":"C:\\Users\\amy\\projects\\MyApplication\\entry\\build\\default\\intermediates\\res\\default\\resources\\base\\media\\ic_public_delete_filled.svg","type":"file","isSymbolicLink":false,"fileMetaData":{"size":1653,"lastModifiedTime":1701396283176}},{"hashValue":"bfb6f8b01e70c85da3e8dce3bb06e884","name":"ic_public_delete.svg","path":"C:\\Users\\amy\\projects\\MyApplication\\entry\\build\\default\\intermediates\\res\\default\\resources\\base\\media\\ic_public_delete.svg","type":"file","isSymbolicLink":false,"fileMetaData":{"size":2152,"lastModifiedTime":1701261392757}},{"hashValue":"be675a66c686a46a86af2d5f183ee300","name":"ic_public_highlights.svg","path":"C:\\Users\\amy\\projects\\MyApplication\\entry\\build\\default\\intermediates\\res\\default\\resources\\base\\media\\ic_public_highlights.svg","type":"file","isSymbolicLink":false,"fileMetaData":{"size":10132,"lastModifiedTime":1702966318642}},{"hashValue":"20cc3c0a0be6b40cf03822d2f3484e3c","name":"ic_public_refresh.png","path":"C:\\Users\\amy\\projects\\MyApplication\\entry\\build\\default\\intermediates\\res\\default\\resources\\base\\media\\ic_public_refresh.png","type":"file","isSymbolicLink":false,"fileMetaData":{"size":576,"lastModifiedTime":1701054254424}},{"hashValue":"dfc73f3701f1cb93ba5c1b84c4e8efb2","name":"ic_public_search.svg","path":"C:\\Users\\amy\\projects\\MyApplication\\entry\\build\\default\\intermediates\\res\\default\\resources\\base\\media\\ic_public_search.svg","type":"file","isSymbolicLink":false,"fileMetaData":{"size":1894,"lastModifiedTime":1702966254873}},{"hashValue":"d683ba38211ef469ea8927fc6cb17ad5","name":"ic_public_settings.svg","path":"C:\\Users\\amy\\projects\\MyApplication\\entry\\build\\default\\intermediates\\res\\default\\resources\\base\\media\\ic_public_settings.svg","type":"file","isSymbolicLink":false,"fileMetaData":{"size":5207,"lastModifiedTime":1703831651126}},{"hashValue":"032d9342a06c8badc3d0ec74015138d5","name":"icon.png","path":"C:\\Users\\amy\\projects\\MyApplication\\entry\\build\\default\\intermediates\\res\\default\\resources\\base\\media\\icon.png","type":"file","isSymbolicLink":false,"fileMetaData":{"size":6790,"lastModifiedTime":1700732999458}},{"hashValue":"39f113d7407619b4b6292ebba1ab2395","name":"mate60.png","path":"C:\\Users\\amy\\projects\\MyApplication\\entry\\build\\default\\intermediates\\res\\default\\resources\\base\\media\\mate60.png","type":"file","isSymbolicLink":false,"fileMetaData":{"size":475117,"lastModifiedTime":1700922065844}},{"hashValue":"ddaafd7793409b51796c283817afde40","name":"mateBookProX.png","path":"C:\\Users\\amy\\projects\\MyApplication\\entry\\build\\default\\intermediates\\res\\default\\resources\\base\\media\\mateBookProX.png","type":"file","isSymbolicLink":false,"fileMetaData":{"size":280228,"lastModifiedTime":1700920676802}},{"hashValue":"961fc83dcf34c42c1ea1916d81a0d8c6","name":"mateX5.png","path":"C:\\Users\\amy\\projects\\MyApplication\\entry\\build\\default\\intermediates\\res\\default\\resources\\base\\media\\mateX5.png","type":"file","isSymbolicLink":false,"fileMetaData":{"size":461261,"lastModifiedTime":1700921282663}},{"hashValue":"2c2f5cf54466ad03421f8ce2f4431320","name":"sea.jpg","path":"C:\\Users\\amy\\projects\\MyApplication\\entry\\build\\default\\intermediates\\res\\default\\resources\\base\\media\\sea.jpg","type":"file","isSymbolicLink":false,"fileMetaData":{"size":59981,"lastModifiedTime":1702472592143}},{"hashValue":"9f601dceae1ee49375d9a42ddabf307b","name":"watchGT4.png","path":"C:\\Users\\amy\\projects\\MyApplication\\entry\\build\\default\\intermediates\\res\\default\\resources\\base\\media\\watchGT4.png","type":"file","isSymbolicLink":false,"fileMetaData":{"size":260554,"lastModifiedTime":1700922644324}}]},{"hashValue":"e59d43213e42ebb66364f3ac824ef7c7","name":"profile","path":"C:\\Users\\amy\\projects\\MyApplication\\entry\\build\\default\\intermediates\\res\\default\\resources\\base\\profile","type":"directory","isSymbolicLink":false,"children":[{"hashValue":"cfe1cd0956e90a58cd700287725072b7","name":"main_pages.json","path":"C:\\Users\\amy\\projects\\MyApplication\\entry\\build\\default\\intermediates\\res\\default\\resources\\base\\profile\\main_pages.json","type":"file","isSymbolicLink":false,"fileMetaData":{"size":391,"lastModifiedTime":1704334614958}}]}]},{"hashValue":"","name":"rawfile","path":"C:\\Users\\amy\\projects\\MyApplication\\entry\\build\\default\\intermediates\\res\\default\\resources\\rawfile","type":"directory","isSymbolicLink":false,"children":[]}]},"C:\\Users\\amy\\projects\\MyApplication\\entry\\build\\default\\intermediates\\res\\default\\resources.index":{"hashValue":"325de1fb430561cd8f0cd08330f8e480","name":"resources.index","path":"C:\\Users\\amy\\projects\\MyApplication\\entry\\build\\default\\intermediates\\res\\default\\resources.index","type":"file","isSymbolicLink":false,"fileMetaData":{"size":3210,"lastModifiedTime":1704701240945}},"C:\\Users\\amy\\projects\\MyApplication\\entry\\build\\default\\outputs\\default\\entry-default-unsigned.hap":{"hashValue":"29fb882becf484a8c2ecefd196b04243","name":"entry-default-unsigned.hap","path":"C:\\Users\\amy\\projects\\MyApplication\\entry\\build\\default\\outputs\\default\\entry-default-unsigned.hap","type":"file","isSymbolicLink":false,"fileMetaData":{"size":4404248,"lastModifiedTime":1704718251691}},"C:\\Users\\amy\\projects\\MyApplication\\oh_modules\\.ohpm\\@ohos+axios@2.1.1\\oh_modules\\@ohos\\axios\\src\\main\\module.json":{"hashValue":"e1f64b73b82fe1e053c63521a9cf7d5b","name":"module.json","path":"C:\\Users\\amy\\projects\\MyApplication\\oh_modules\\.ohpm\\@ohos+axios@2.1.1\\oh_modules\\@ohos\\axios\\src\\main\\module.json","type":"file","isSymbolicLink":false,"fileMetaData":{"size":382,"lastModifiedTime":1701307957000}},"C:\\Users\\amy\\projects\\MyApplication\\oh_modules\\.ohpm\\@ohos+axios@2.1.1\\oh_modules\\@ohos\\axios\\src\\main\\resources":{"hashValue":"bf084c45f3e2b26cf41c090b0a240827","name":"resources","path":"C:\\Users\\amy\\projects\\MyApplication\\oh_modules\\.ohpm\\@ohos+axios@2.1.1\\oh_modules\\@ohos\\axios\\src\\main\\resources","type":"directory","isSymbolicLink":false,"children":[{"hashValue":"c8a7fc08a107b95b6df3f84d24ac6afa","name":"base","path":"C:\\Users\\amy\\projects\\MyApplication\\oh_modules\\.ohpm\\@ohos+axios@2.1.1\\oh_modules\\@ohos\\axios\\src\\main\\resources\\base","type":"directory","isSymbolicLink":false,"children":[{"hashValue":"edad652266099fa19086a423f6c5fe77","name":"element","path":"C:\\Users\\amy\\projects\\MyApplication\\oh_modules\\.ohpm\\@ohos+axios@2.1.1\\oh_modules\\@ohos\\axios\\src\\main\\resources\\base\\element","type":"directory","isSymbolicLink":false,"children":[{"hashValue":"6e596a0e4f9492cc162d418c89c0be6e","name":"string.json","path":"C:\\Users\\amy\\projects\\MyApplication\\oh_modules\\.ohpm\\@ohos+axios@2.1.1\\oh_modules\\@ohos\\axios\\src\\main\\resources\\base\\element\\string.json","type":"file","isSymbolicLink":false,"fileMetaData":{"size":108,"lastModifiedTime":1701307870000}}]}]},{"hashValue":"c8a7fc08a107b95b6df3f84d24ac6afa","name":"en_US","path":"C:\\Users\\amy\\projects\\MyApplication\\oh_modules\\.ohpm\\@ohos+axios@2.1.1\\oh_modules\\@ohos\\axios\\src\\main\\resources\\en_US","type":"directory","isSymbolicLink":false,"children":[{"hashValue":"edad652266099fa19086a423f6c5fe77","name":"element","path":"C:\\Users\\amy\\projects\\MyApplication\\oh_modules\\.ohpm\\@ohos+axios@2.1.1\\oh_modules\\@ohos\\axios\\src\\main\\resources\\en_US\\element","type":"directory","isSymbolicLink":false,"children":[{"hashValue":"6e596a0e4f9492cc162d418c89c0be6e","name":"string.json","path":"C:\\Users\\amy\\projects\\MyApplication\\oh_modules\\.ohpm\\@ohos+axios@2.1.1\\oh_modules\\@ohos\\axios\\src\\main\\resources\\en_US\\element\\string.json","type":"file","isSymbolicLink":false,"fileMetaData":{"size":108,"lastModifiedTime":1701307870000}}]}]},{"hashValue":"c8a7fc08a107b95b6df3f84d24ac6afa","name":"zh_CN","path":"C:\\Users\\amy\\projects\\MyApplication\\oh_modules\\.ohpm\\@ohos+axios@2.1.1\\oh_modules\\@ohos\\axios\\src\\main\\resources\\zh_CN","type":"directory","isSymbolicLink":false,"children":[{"hashValue":"edad652266099fa19086a423f6c5fe77","name":"element","path":"C:\\Users\\amy\\projects\\MyApplication\\oh_modules\\.ohpm\\@ohos+axios@2.1.1\\oh_modules\\@ohos\\axios\\src\\main\\resources\\zh_CN\\element","type":"directory","isSymbolicLink":false,"children":[{"hashValue":"6e596a0e4f9492cc162d418c89c0be6e","name":"string.json","path":"C:\\Users\\amy\\projects\\MyApplication\\oh_modules\\.ohpm\\@ohos+axios@2.1.1\\oh_modules\\@ohos\\axios\\src\\main\\resources\\zh_CN\\element\\string.json","type":"file","isSymbolicLink":false,"fileMetaData":{"size":108,"lastModifiedTime":1701307870000}}]}]}]},"C:\\Users\\amy\\projects\\MyApplication\\oh_modules\\.ohpm\\@ohos+axios@2.1.1\\oh_modules\\@ohos\\axios\\index.js":{"hashValue":"51c1d3df6d892c00a649f42f5192865b","name":"index.js","path":"C:\\Users\\amy\\projects\\MyApplication\\oh_modules\\.ohpm\\@ohos+axios@2.1.1\\oh_modules\\@ohos\\axios\\index.js","type":"file","isSymbolicLink":false,"fileMetaData":{"size":743,"lastModifiedTime":1701307870000}},"C:\\Users\\amy\\projects\\MyApplication\\oh_modules\\.ohpm\\@ohos+axios@2.1.1\\oh_modules\\@ohos\\axios\\src\\main\\ets":{"hashValue":"0d24db511cd751fbcc0e92e7d841fcad","name":"ets","path":"C:\\Users\\amy\\projects\\MyApplication\\oh_modules\\.ohpm\\@ohos+axios@2.1.1\\oh_modules\\@ohos\\axios\\src\\main\\ets","type":"directory","isSymbolicLink":false,"children":[{"hashValue":"7b4820aaa936eb14fae56625d02eacae","name":"components","path":"C:\\Users\\amy\\projects\\MyApplication\\oh_modules\\.ohpm\\@ohos+axios@2.1.1\\oh_modules\\@ohos\\axios\\src\\main\\ets\\components","type":"directory","isSymbolicLink":false,"children":[{"hashValue":"f267eb236f17c06f5236f364514902f9","name":"lib","path":"C:\\Users\\amy\\projects\\MyApplication\\oh_modules\\.ohpm\\@ohos+axios@2.1.1\\oh_modules\\@ohos\\axios\\src\\main\\ets\\components\\lib","type":"directory","isSymbolicLink":false,"children":[{"hashValue":"8e22ebe7fac34d773680e22e498103b3","name":"adapters","path":"C:\\Users\\amy\\projects\\MyApplication\\oh_modules\\.ohpm\\@ohos+axios@2.1.1\\oh_modules\\@ohos\\axios\\src\\main\\ets\\components\\lib\\adapters","type":"directory","isSymbolicLink":false,"children":[{"hashValue":"a1a9687abb421a84354c7c563639e0f5","name":"adapters.js","path":"C:\\Users\\amy\\projects\\MyApplication\\oh_modules\\.ohpm\\@ohos+axios@2.1.1\\oh_modules\\@ohos\\axios\\src\\main\\ets\\components\\lib\\adapters\\adapters.js","type":"file","isSymbolicLink":false,"fileMetaData":{"size":1575,"lastModifiedTime":1701307870000}},{"hashValue":"ec19f43a048a912be89629ebfdbc1568","name":"http.js","path":"C:\\Users\\amy\\projects\\MyApplication\\oh_modules\\.ohpm\\@ohos+axios@2.1.1\\oh_modules\\@ohos\\axios\\src\\main\\ets\\components\\lib\\adapters\\http.js","type":"file","isSymbolicLink":false,"fileMetaData":{"size":21614,"lastModifiedTime":1701307870000}},{"hashValue":"a3fbf31023f44ff4f79d2a55f44ca6a2","name":"ohos","path":"C:\\Users\\amy\\projects\\MyApplication\\oh_modules\\.ohpm\\@ohos+axios@2.1.1\\oh_modules\\@ohos\\axios\\src\\main\\ets\\components\\lib\\adapters\\ohos","type":"directory","isSymbolicLink":false,"children":[{"hashValue":"29f19af91b78a150ae0bc46508143f36","name":"download.js","path":"C:\\Users\\amy\\projects\\MyApplication\\oh_modules\\.ohpm\\@ohos+axios@2.1.1\\oh_modules\\@ohos\\axios\\src\\main\\ets\\components\\lib\\adapters\\ohos\\download.js","type":"file","isSymbolicLink":false,"fileMetaData":{"size":3304,"lastModifiedTime":1701307870000}},{"hashValue":"098c5c88c525cc7dbdfb081ccd33e888","name":"http.js","path":"C:\\Users\\amy\\projects\\MyApplication\\oh_modules\\.ohpm\\@ohos+axios@2.1.1\\oh_modules\\@ohos\\axios\\src\\main\\ets\\components\\lib\\adapters\\ohos\\http.js","type":"file","isSymbolicLink":false,"fileMetaData":{"size":3948,"lastModifiedTime":1701307870000}},{"hashValue":"14da895eb0108cef5b8a21bff9648957","name":"index.js","path":"C:\\Users\\amy\\projects\\MyApplication\\oh_modules\\.ohpm\\@ohos+axios@2.1.1\\oh_modules\\@ohos\\axios\\src\\main\\ets\\components\\lib\\adapters\\ohos\\index.js","type":"file","isSymbolicLink":false,"fileMetaData":{"size":1796,"lastModifiedTime":1701307870000}},{"hashValue":"c5d3bd939574f3231018cb84cdeb7c8c","name":"upload.js","path":"C:\\Users\\amy\\projects\\MyApplication\\oh_modules\\.ohpm\\@ohos+axios@2.1.1\\oh_modules\\@ohos\\axios\\src\\main\\ets\\components\\lib\\adapters\\ohos\\upload.js","type":"file","isSymbolicLink":false,"fileMetaData":{"size":7703,"lastModifiedTime":1701307870000}}]},{"hashValue":"3d0fb02db5e3126ce150de2a20f9cdcd","name":"README.md","path":"C:\\Users\\amy\\projects\\MyApplication\\oh_modules\\.ohpm\\@ohos+axios@2.1.1\\oh_modules\\@ohos\\axios\\src\\main\\ets\\components\\lib\\adapters\\README.md","type":"file","isSymbolicLink":false,"fileMetaData":{"size":952,"lastModifiedTime":1701307870000}},{"hashValue":"e1041a9856507dadc029896a4f6c145d","name":"xhr.js","path":"C:\\Users\\amy\\projects\\MyApplication\\oh_modules\\.ohpm\\@ohos+axios@2.1.1\\oh_modules\\@ohos\\axios\\src\\main\\ets\\components\\lib\\adapters\\xhr.js","type":"file","isSymbolicLink":false,"fileMetaData":{"size":8509,"lastModifiedTime":1701307870000}}]},{"hashValue":"faa06124a23696fb297d52939c7be81a","name":"axios.js","path":"C:\\Users\\amy\\projects\\MyApplication\\oh_modules\\.ohpm\\@ohos+axios@2.1.1\\oh_modules\\@ohos\\axios\\src\\main\\ets\\components\\lib\\axios.js","type":"file","isSymbolicLink":false,"fileMetaData":{"size":2626,"lastModifiedTime":1701307870000}},{"hashValue":"dbc056e072098f6d117c8e56e16829ca","name":"cancel","path":"C:\\Users\\amy\\projects\\MyApplication\\oh_modules\\.ohpm\\@ohos+axios@2.1.1\\oh_modules\\@ohos\\axios\\src\\main\\ets\\components\\lib\\cancel","type":"directory","isSymbolicLink":false,"children":[{"hashValue":"9087fcb6fbd0c63fbe69df4977ebaf9e","name":"CanceledError.js","path":"C:\\Users\\amy\\projects\\MyApplication\\oh_modules\\.ohpm\\@ohos+axios@2.1.1\\oh_modules\\@ohos\\axios\\src\\main\\ets\\components\\lib\\cancel\\CanceledError.js","type":"file","isSymbolicLink":false,"fileMetaData":{"size":722,"lastModifiedTime":1701307870000}},{"hashValue":"5b5e946fd0370a44ba782c16577f0c6a","name":"CancelToken.js","path":"C:\\Users\\amy\\projects\\MyApplication\\oh_modules\\.ohpm\\@ohos+axios@2.1.1\\oh_modules\\@ohos\\axios\\src\\main\\ets\\components\\lib\\cancel\\CancelToken.js","type":"file","isSymbolicLink":false,"fileMetaData":{"size":2646,"lastModifiedTime":1701307870000}},{"hashValue":"30b39ba10b916895eafe5753b3a3a86e","name":"isCancel.js","path":"C:\\Users\\amy\\projects\\MyApplication\\oh_modules\\.ohpm\\@ohos+axios@2.1.1\\oh_modules\\@ohos\\axios\\src\\main\\ets\\components\\lib\\cancel\\isCancel.js","type":"file","isSymbolicLink":false,"fileMetaData":{"size":104,"lastModifiedTime":1701307870000}}]},{"hashValue":"0505b5e2cb2105b250050c7837ab26bc","name":"core","path":"C:\\Users\\amy\\projects\\MyApplication\\oh_modules\\.ohpm\\@ohos+axios@2.1.1\\oh_modules\\@ohos\\axios\\src\\main\\ets\\components\\lib\\core","type":"directory","isSymbolicLink":false,"children":[{"hashValue":"f35ed392185f2a610efd184e508556a3","name":"Axios.js","path":"C:\\Users\\amy\\projects\\MyApplication\\oh_modules\\.ohpm\\@ohos+axios@2.1.1\\oh_modules\\@ohos\\axios\\src\\main\\ets\\components\\lib\\core\\Axios.js","type":"file","isSymbolicLink":false,"fileMetaData":{"size":5654,"lastModifiedTime":1701307870000}},{"hashValue":"4026aa48f413f629e205dd9ee8919ed1","name":"AxiosError.js","path":"C:\\Users\\amy\\projects\\MyApplication\\oh_modules\\.ohpm\\@ohos+axios@2.1.1\\oh_modules\\@ohos\\axios\\src\\main\\ets\\components\\lib\\core\\AxiosError.js","type":"file","isSymbolicLink":false,"fileMetaData":{"size":2632,"lastModifiedTime":1701307870000}},{"hashValue":"c2575b70b86c9df4a475080c220dda9e","name":"AxiosHeaders.js","path":"C:\\Users\\amy\\projects\\MyApplication\\oh_modules\\.ohpm\\@ohos+axios@2.1.1\\oh_modules\\@ohos\\axios\\src\\main\\ets\\components\\lib\\core\\AxiosHeaders.js","type":"file","isSymbolicLink":false,"fileMetaData":{"size":6961,"lastModifiedTime":1701307870000}},{"hashValue":"12607439569d615af42d57507ad3927d","name":"buildFullPath.js","path":"C:\\Users\\amy\\projects\\MyApplication\\oh_modules\\.ohpm\\@ohos+axios@2.1.1\\oh_modules\\@ohos\\axios\\src\\main\\ets\\components\\lib\\core\\buildFullPath.js","type":"file","isSymbolicLink":false,"fileMetaData":{"size":716,"lastModifiedTime":1701307870000}},{"hashValue":"ce258a1a05d7254ba768af50361ec674","name":"dispatchRequest.js","path":"C:\\Users\\amy\\projects\\MyApplication\\oh_modules\\.ohpm\\@ohos+axios@2.1.1\\oh_modules\\@ohos\\axios\\src\\main\\ets\\components\\lib\\core\\dispatchRequest.js","type":"file","isSymbolicLink":false,"fileMetaData":{"size":2268,"lastModifiedTime":1701307870000}},{"hashValue":"ba19b510eb6cddc4edf2a251619cab84","name":"InterceptorManager.js","path":"C:\\Users\\amy\\projects\\MyApplication\\oh_modules\\.ohpm\\@ohos+axios@2.1.1\\oh_modules\\@ohos\\axios\\src\\main\\ets\\components\\lib\\core\\InterceptorManager.js","type":"file","isSymbolicLink":false,"fileMetaData":{"size":1640,"lastModifiedTime":1701307870000}},{"hashValue":"4a016887bb4667b6afe3c2dfe878453f","name":"mergeConfig.js","path":"C:\\Users\\amy\\projects\\MyApplication\\oh_modules\\.ohpm\\@ohos+axios@2.1.1\\oh_modules\\@ohos\\axios\\src\\main\\ets\\components\\lib\\core\\mergeConfig.js","type":"file","isSymbolicLink":false,"fileMetaData":{"size":3447,"lastModifiedTime":1701307870000}},{"hashValue":"1819f93a2efc437b0455df0782832eb8","name":"README.md","path":"C:\\Users\\amy\\projects\\MyApplication\\oh_modules\\.ohpm\\@ohos+axios@2.1.1\\oh_modules\\@ohos\\axios\\src\\main\\ets\\components\\lib\\core\\README.md","type":"file","isSymbolicLink":false,"fileMetaData":{"size":407,"lastModifiedTime":1701307870000}},{"hashValue":"2337d39cb3ddeb4ebc33f43a3cd15b83","name":"settle.js","path":"C:\\Users\\amy\\projects\\MyApplication\\oh_modules\\.ohpm\\@ohos+axios@2.1.1\\oh_modules\\@ohos\\axios\\src\\main\\ets\\components\\lib\\core\\settle.js","type":"file","isSymbolicLink":false,"fileMetaData":{"size":863,"lastModifiedTime":1701307870000}},{"hashValue":"5ff159aeb0e8a708fd5f54e4657c2854","name":"transformData.js","path":"C:\\Users\\amy\\projects\\MyApplication\\oh_modules\\.ohpm\\@ohos+axios@2.1.1\\oh_modules\\@ohos\\axios\\src\\main\\ets\\components\\lib\\core\\transformData.js","type":"file","isSymbolicLink":false,"fileMetaData":{"size":806,"lastModifiedTime":1701307870000}}]},{"hashValue":"e590197d065dda487723ee5e623ef219","name":"defaults","path":"C:\\Users\\amy\\projects\\MyApplication\\oh_modules\\.ohpm\\@ohos+axios@2.1.1\\oh_modules\\@ohos\\axios\\src\\main\\ets\\components\\lib\\defaults","type":"directory","isSymbolicLink":false,"children":[{"hashValue":"fc579f2c46b9201456d833cee884c8e5","name":"index.js","path":"C:\\Users\\amy\\projects\\MyApplication\\oh_modules\\.ohpm\\@ohos+axios@2.1.1\\oh_modules\\@ohos\\axios\\src\\main\\ets\\components\\lib\\defaults\\index.js","type":"file","isSymbolicLink":false,"fileMetaData":{"size":4774,"lastModifiedTime":1701307870000}},{"hashValue":"aa6b7320d1ba9e17f46199039b4ba8d3","name":"transitional.js","path":"C:\\Users\\amy\\projects\\MyApplication\\oh_modules\\.ohpm\\@ohos+axios@2.1.1\\oh_modules\\@ohos\\axios\\src\\main\\ets\\components\\lib\\defaults\\transitional.js","type":"file","isSymbolicLink":false,"fileMetaData":{"size":125,"lastModifiedTime":1701307870000}}]},{"hashValue":"c89875e00f810c028a0b71bb477a2697","name":"env","path":"C:\\Users\\amy\\projects\\MyApplication\\oh_modules\\.ohpm\\@ohos+axios@2.1.1\\oh_modules\\@ohos\\axios\\src\\main\\ets\\components\\lib\\env","type":"directory","isSymbolicLink":false,"children":[{"hashValue":"d5fbd9ae77c647a7f25fa9c1d38ea06f","name":"classes","path":"C:\\Users\\amy\\projects\\MyApplication\\oh_modules\\.ohpm\\@ohos+axios@2.1.1\\oh_modules\\@ohos\\axios\\src\\main\\ets\\components\\lib\\env\\classes","type":"directory","isSymbolicLink":false,"children":[{"hashValue":"7da5e8f7f15e0b01fb9450320b1c1612","name":"FormData.js","path":"C:\\Users\\amy\\projects\\MyApplication\\oh_modules\\.ohpm\\@ohos+axios@2.1.1\\oh_modules\\@ohos\\axios\\src\\main\\ets\\components\\lib\\env\\classes\\FormData.js","type":"file","isSymbolicLink":false,"fileMetaData":{"size":1674,"lastModifiedTime":1701307870000}}]},{"hashValue":"6beb1ff9acf5f537b00e9ca7a57c6330","name":"data.js","path":"C:\\Users\\amy\\projects\\MyApplication\\oh_modules\\.ohpm\\@ohos+axios@2.1.1\\oh_modules\\@ohos\\axios\\src\\main\\ets\\components\\lib\\env\\data.js","type":"file","isSymbolicLink":false,"fileMetaData":{"size":31,"lastModifiedTime":1701307870000}},{"hashValue":"8fe817b996f274d2a0a34a7056b57ba7","name":"README.md","path":"C:\\Users\\amy\\projects\\MyApplication\\oh_modules\\.ohpm\\@ohos+axios@2.1.1\\oh_modules\\@ohos\\axios\\src\\main\\ets\\components\\lib\\env\\README.md","type":"file","isSymbolicLink":false,"fileMetaData":{"size":134,"lastModifiedTime":1701307870000}}]},{"hashValue":"83825a3b23b5e9fe9afccd6e57524ae4","name":"helpers","path":"C:\\Users\\amy\\projects\\MyApplication\\oh_modules\\.ohpm\\@ohos+axios@2.1.1\\oh_modules\\@ohos\\axios\\src\\main\\ets\\components\\lib\\helpers","type":"directory","isSymbolicLink":false,"children":[{"hashValue":"4c52094aeaee64854cca91c11ed5fcb0","name":"AxiosTransformStream.js","path":"C:\\Users\\amy\\projects\\MyApplication\\oh_modules\\.ohpm\\@ohos+axios@2.1.1\\oh_modules\\@ohos\\axios\\src\\main\\ets\\components\\lib\\helpers\\AxiosTransformStream.js","type":"file","isSymbolicLink":false,"fileMetaData":{"size":5277,"lastModifiedTime":1701307870000}},{"hashValue":"25046851d49a195df8811fae594ac9bd","name":"AxiosURLSearchParams.js","path":"C:\\Users\\amy\\projects\\MyApplication\\oh_modules\\.ohpm\\@ohos+axios@2.1.1\\oh_modules\\@ohos\\axios\\src\\main\\ets\\components\\lib\\helpers\\AxiosURLSearchParams.js","type":"file","isSymbolicLink":false,"fileMetaData":{"size":1497,"lastModifiedTime":1701307870000}},{"hashValue":"bdc87692d5888a0fa704c1d5406a43aa","name":"bind.js","path":"C:\\Users\\amy\\projects\\MyApplication\\oh_modules\\.ohpm\\@ohos+axios@2.1.1\\oh_modules\\@ohos\\axios\\src\\main\\ets\\components\\lib\\helpers\\bind.js","type":"file","isSymbolicLink":false,"fileMetaData":{"size":141,"lastModifiedTime":1701307870000}},{"hashValue":"58c6688f61df3d393e83529b076e734d","name":"buildURL.js","path":"C:\\Users\\amy\\projects\\MyApplication\\oh_modules\\.ohpm\\@ohos+axios@2.1.1\\oh_modules\\@ohos\\axios\\src\\main\\ets\\components\\lib\\helpers\\buildURL.js","type":"file","isSymbolicLink":false,"fileMetaData":{"size":1622,"lastModifiedTime":1701307870000}},{"hashValue":"54be3b10afcba9da7c9ee5730d290d6b","name":"combineURLs.js","path":"C:\\Users\\amy\\projects\\MyApplication\\oh_modules\\.ohpm\\@ohos+axios@2.1.1\\oh_modules\\@ohos\\axios\\src\\main\\ets\\components\\lib\\helpers\\combineURLs.js","type":"file","isSymbolicLink":false,"fileMetaData":{"size":395,"lastModifiedTime":1701307870000}},{"hashValue":"e492e93bd95b120e05acb1fc3a829d69","name":"cookies.js","path":"C:\\Users\\amy\\projects\\MyApplication\\oh_modules\\.ohpm\\@ohos+axios@2.1.1\\oh_modules\\@ohos\\axios\\src\\main\\ets\\components\\lib\\helpers\\cookies.js","type":"file","isSymbolicLink":false,"fileMetaData":{"size":1455,"lastModifiedTime":1701307870000}},{"hashValue":"8990703a71c78989c30d11c04305859e","name":"deprecatedMethod.js","path":"C:\\Users\\amy\\projects\\MyApplication\\oh_modules\\.ohpm\\@ohos+axios@2.1.1\\oh_modules\\@ohos\\axios\\src\\main\\ets\\components\\lib\\helpers\\deprecatedMethod.js","type":"file","isSymbolicLink":false,"fileMetaData":{"size":772,"lastModifiedTime":1701307870000}},{"hashValue":"05048a456ba6f5448b9f2f45fa065654","name":"formDataToJSON.js","path":"C:\\Users\\amy\\projects\\MyApplication\\oh_modules\\.ohpm\\@ohos+axios@2.1.1\\oh_modules\\@ohos\\axios\\src\\main\\ets\\components\\lib\\helpers\\formDataToJSON.js","type":"file","isSymbolicLink":false,"fileMetaData":{"size":2211,"lastModifiedTime":1701307870000}},{"hashValue":"02e4d8b39ecf49b64fe81faabcf2a08e","name":"formDataToStream.js","path":"C:\\Users\\amy\\projects\\MyApplication\\oh_modules\\.ohpm\\@ohos+axios@2.1.1\\oh_modules\\@ohos\\axios\\src\\main\\ets\\components\\lib\\helpers\\formDataToStream.js","type":"file","isSymbolicLink":false,"fileMetaData":{"size":2980,"lastModifiedTime":1701307870000}},{"hashValue":"0cad6585c078c5b2d8065f6f6882a6c5","name":"fromDataURI.js","path":"C:\\Users\\amy\\projects\\MyApplication\\oh_modules\\.ohpm\\@ohos+axios@2.1.1\\oh_modules\\@ohos\\axios\\src\\main\\ets\\components\\lib\\helpers\\fromDataURI.js","type":"file","isSymbolicLink":false,"fileMetaData":{"size":1418,"lastModifiedTime":1701307870000}},{"hashValue":"af2caf21aaadf87d2dc08abf40f75aee","name":"HttpStatusCode.js","path":"C:\\Users\\amy\\projects\\MyApplication\\oh_modules\\.ohpm\\@ohos+axios@2.1.1\\oh_modules\\@ohos\\axios\\src\\main\\ets\\components\\lib\\helpers\\HttpStatusCode.js","type":"file","isSymbolicLink":false,"fileMetaData":{"size":1671,"lastModifiedTime":1701307870000}},{"hashValue":"ae5780f0408fedf9ad9fd6cee5013a71","name":"isAbsoluteURL.js","path":"C:\\Users\\amy\\projects\\MyApplication\\oh_modules\\.ohpm\\@ohos+axios@2.1.1\\oh_modules\\@ohos\\axios\\src\\main\\ets\\components\\lib\\helpers\\isAbsoluteURL.js","type":"file","isSymbolicLink":false,"fileMetaData":{"size":576,"lastModifiedTime":1701307870000}},{"hashValue":"412c5c8230ab0f23ee4c969a12701d55","name":"isAxiosError.js","path":"C:\\Users\\amy\\projects\\MyApplication\\oh_modules\\.ohpm\\@ohos+axios@2.1.1\\oh_modules\\@ohos\\axios\\src\\main\\ets\\components\\lib\\helpers\\isAxiosError.js","type":"file","isSymbolicLink":false,"fileMetaData":{"size":387,"lastModifiedTime":1701307870000}},{"hashValue":"f3da75f19c87489f366d33e07484c2ec","name":"isURLSameOrigin.js","path":"C:\\Users\\amy\\projects\\MyApplication\\oh_modules\\.ohpm\\@ohos+axios@2.1.1\\oh_modules\\@ohos\\axios\\src\\main\\ets\\components\\lib\\helpers\\isURLSameOrigin.js","type":"file","isSymbolicLink":false,"fileMetaData":{"size":2334,"lastModifiedTime":1701307870000}},{"hashValue":"9d8f113dd88bda217f03a19d1dcbfae6","name":"null.js","path":"C:\\Users\\amy\\projects\\MyApplication\\oh_modules\\.ohpm\\@ohos+axios@2.1.1\\oh_modules\\@ohos\\axios\\src\\main\\ets\\components\\lib\\helpers\\null.js","type":"file","isSymbolicLink":false,"fileMetaData":{"size":58,"lastModifiedTime":1701307870000}},{"hashValue":"ea3d528740af3d0190582d1ac5810671","name":"parseHeaders.js","path":"C:\\Users\\amy\\projects\\MyApplication\\oh_modules\\.ohpm\\@ohos+axios@2.1.1\\oh_modules\\@ohos\\axios\\src\\main\\ets\\components\\lib\\helpers\\parseHeaders.js","type":"file","isSymbolicLink":false,"fileMetaData":{"size":1437,"lastModifiedTime":1701307870000}},{"hashValue":"2612f24681a0211eead57ba284cd2f23","name":"parseProtocol.js","path":"C:\\Users\\amy\\projects\\MyApplication\\oh_modules\\.ohpm\\@ohos+axios@2.1.1\\oh_modules\\@ohos\\axios\\src\\main\\ets\\components\\lib\\helpers\\parseProtocol.js","type":"file","isSymbolicLink":false,"fileMetaData":{"size":157,"lastModifiedTime":1701307870000}},{"hashValue":"b2a8d4e426f8f36977f85571040e10b8","name":"readBlob.js","path":"C:\\Users\\amy\\projects\\MyApplication\\oh_modules\\.ohpm\\@ohos+axios@2.1.1\\oh_modules\\@ohos\\axios\\src\\main\\ets\\components\\lib\\helpers\\readBlob.js","type":"file","isSymbolicLink":false,"fileMetaData":{"size":333,"lastModifiedTime":1701307870000}},{"hashValue":"020424be7d74b2735bd3efa1227c0f7f","name":"README.md","path":"C:\\Users\\amy\\projects\\MyApplication\\oh_modules\\.ohpm\\@ohos+axios@2.1.1\\oh_modules\\@ohos\\axios\\src\\main\\ets\\components\\lib\\helpers\\README.md","type":"file","isSymbolicLink":false,"fileMetaData":{"size":358,"lastModifiedTime":1701307870000}},{"hashValue":"8d2e687939eacf92cf9b925a5dc0df18","name":"speedometer.js","path":"C:\\Users\\amy\\projects\\MyApplication\\oh_modules\\.ohpm\\@ohos+axios@2.1.1\\oh_modules\\@ohos\\axios\\src\\main\\ets\\components\\lib\\helpers\\speedometer.js","type":"file","isSymbolicLink":false,"fileMetaData":{"size":1147,"lastModifiedTime":1701307870000}},{"hashValue":"db0b1a37f03666f0bb7809a3c5df4d51","name":"spread.js","path":"C:\\Users\\amy\\projects\\MyApplication\\oh_modules\\.ohpm\\@ohos+axios@2.1.1\\oh_modules\\@ohos\\axios\\src\\main\\ets\\components\\lib\\helpers\\spread.js","type":"file","isSymbolicLink":false,"fileMetaData":{"size":592,"lastModifiedTime":1701307870000}},{"hashValue":"fa4f5a44e2e743aa238629ebbf2543e2","name":"throttle.js","path":"C:\\Users\\amy\\projects\\MyApplication\\oh_modules\\.ohpm\\@ohos+axios@2.1.1\\oh_modules\\@ohos\\axios\\src\\main\\ets\\components\\lib\\helpers\\throttle.js","type":"file","isSymbolicLink":false,"fileMetaData":{"size":735,"lastModifiedTime":1701307870000}},{"hashValue":"8e597626417d316f0672e23b5da158c0","name":"toFormData.js","path":"C:\\Users\\amy\\projects\\MyApplication\\oh_modules\\.ohpm\\@ohos+axios@2.1.1\\oh_modules\\@ohos\\axios\\src\\main\\ets\\components\\lib\\helpers\\toFormData.js","type":"file","isSymbolicLink":false,"fileMetaData":{"size":6263,"lastModifiedTime":1701307870000}},{"hashValue":"bf4ebab0c823f20dddd80c0330c13407","name":"toURLEncodedForm.js","path":"C:\\Users\\amy\\projects\\MyApplication\\oh_modules\\.ohpm\\@ohos+axios@2.1.1\\oh_modules\\@ohos\\axios\\src\\main\\ets\\components\\lib\\helpers\\toURLEncodedForm.js","type":"file","isSymbolicLink":false,"fileMetaData":{"size":566,"lastModifiedTime":1701307870000}},{"hashValue":"63fe0d0138bfd65ecdbd509f4d4f4e5d","name":"validator.js","path":"C:\\Users\\amy\\projects\\MyApplication\\oh_modules\\.ohpm\\@ohos+axios@2.1.1\\oh_modules\\@ohos\\axios\\src\\main\\ets\\components\\lib\\helpers\\validator.js","type":"file","isSymbolicLink":false,"fileMetaData":{"size":2648,"lastModifiedTime":1701307870000}},{"hashValue":"28183c8e83c7035d554d454d743b5677","name":"ZlibHeaderTransformStream.js","path":"C:\\Users\\amy\\projects\\MyApplication\\oh_modules\\.ohpm\\@ohos+axios@2.1.1\\oh_modules\\@ohos\\axios\\src\\main\\ets\\components\\lib\\helpers\\ZlibHeaderTransformStream.js","type":"file","isSymbolicLink":false,"fileMetaData":{"size":709,"lastModifiedTime":1701307870000}}]},{"hashValue":"6d97b91d05d4f20093923d62f52bec5a","name":"platform","path":"C:\\Users\\amy\\projects\\MyApplication\\oh_modules\\.ohpm\\@ohos+axios@2.1.1\\oh_modules\\@ohos\\axios\\src\\main\\ets\\components\\lib\\platform","type":"directory","isSymbolicLink":false,"children":[{"hashValue":"99943000afb12e988f224efc04d65f83","name":"index.js","path":"C:\\Users\\amy\\projects\\MyApplication\\oh_modules\\.ohpm\\@ohos+axios@2.1.1\\oh_modules\\@ohos\\axios\\src\\main\\ets\\components\\lib\\platform\\index.js","type":"file","isSymbolicLink":false,"fileMetaData":{"size":73,"lastModifiedTime":1701307870000}},{"hashValue":"b59eb9b5c39ecc972f84ea638887ef81","name":"ohos","path":"C:\\Users\\amy\\projects\\MyApplication\\oh_modules\\.ohpm\\@ohos+axios@2.1.1\\oh_modules\\@ohos\\axios\\src\\main\\ets\\components\\lib\\platform\\ohos","type":"directory","isSymbolicLink":false,"children":[{"hashValue":"4b1ee2d4de2c7749c68838ab3be8ba60","name":"classes","path":"C:\\Users\\amy\\projects\\MyApplication\\oh_modules\\.ohpm\\@ohos+axios@2.1.1\\oh_modules\\@ohos\\axios\\src\\main\\ets\\components\\lib\\platform\\ohos\\classes","type":"directory","isSymbolicLink":false,"children":[{"hashValue":"67c643b343bac9a2b5e4ddf0bead16a4","name":"FormData.js","path":"C:\\Users\\amy\\projects\\MyApplication\\oh_modules\\.ohpm\\@ohos+axios@2.1.1\\oh_modules\\@ohos\\axios\\src\\main\\ets\\components\\lib\\platform\\ohos\\classes\\FormData.js","type":"file","isSymbolicLink":false,"fileMetaData":{"size":768,"lastModifiedTime":1701307870000}},{"hashValue":"fab169a2168c21a62294786e227eb5d5","name":"URLSearchParams.js","path":"C:\\Users\\amy\\projects\\MyApplication\\oh_modules\\.ohpm\\@ohos+axios@2.1.1\\oh_modules\\@ohos\\axios\\src\\main\\ets\\components\\lib\\platform\\ohos\\classes\\URLSearchParams.js","type":"file","isSymbolicLink":false,"fileMetaData":{"size":765,"lastModifiedTime":1701307870000}}]},{"hashValue":"9a5e7d659b739db64d0ab8a320d4338c","name":"index.js","path":"C:\\Users\\amy\\projects\\MyApplication\\oh_modules\\.ohpm\\@ohos+axios@2.1.1\\oh_modules\\@ohos\\axios\\src\\main\\ets\\components\\lib\\platform\\ohos\\index.js","type":"file","isSymbolicLink":false,"fileMetaData":{"size":991,"lastModifiedTime":1701307870000}}]}]},{"hashValue":"f5e04c6813409e81a077a2ef4b0b1c14","name":"utils.js","path":"C:\\Users\\amy\\projects\\MyApplication\\oh_modules\\.ohpm\\@ohos+axios@2.1.1\\oh_modules\\@ohos\\axios\\src\\main\\ets\\components\\lib\\utils.js","type":"file","isSymbolicLink":false,"fileMetaData":{"size":18118,"lastModifiedTime":1701307870000}}]}]}]},"C:\\Users\\amy\\projects\\MyApplication\\oh_modules\\.ohpm\\@ohos+axios@2.1.1\\oh_modules\\@ohos\\axios\\libs":{"hashValue":"","name":"libs","path":"C:\\Users\\amy\\projects\\MyApplication\\oh_modules\\.ohpm\\@ohos+axios@2.1.1\\oh_modules\\@ohos\\axios\\libs","type":"directory","isSymbolicLink":false,"children":[]},"{\"commandList\":[\"C:\\\\Users\\\\amy\\\\AppData\\\\Local\\\\Huawei\\\\Sdk\\\\openharmony\\\\9\\\\toolchains\\\\restool.exe\",\"-m\",\"entry\",\"-f\",\"-j\",\"C:\\\\Users\\\\amy\\\\projects\\\\MyApplication\\\\entry\\\\.preview\\\\default\\\\intermediates\\\\process_profile\\\\default\\\\module.json\",\"-p\",\"com.example.myapplication\",\"-o\",\"C:\\\\Users\\\\amy\\\\projects\\\\MyApplication\\\\entry\\\\.preview\\\\default\\\\intermediates\\\\res\\\\default\",\"-r\",\"C:\\\\Users\\\\amy\\\\projects\\\\MyApplication\\\\entry\\\\.preview\\\\default\\\\generated\\\\r\\\\default\\\\ResourceTable.h\"],\"inputFiles\":{\"_group\":{}},\"outputFiles\":{\"_group\":{}},\"existsResourceDir\":true,\"restoolLinkParamObj\":{\"appScopeResources\":\"C:\\\\Users\\\\amy\\\\projects\\\\MyApplication\\\\AppScope\\\\resources\",\"moduleResourcesMap\":{},\"harResourcesMap\":{},\"outputPath\":\"C:\\\\Users\\\\amy\\\\projects\\\\MyApplication\\\\entry\\\\.preview\\\\default\\\\intermediates\\\\res\\\\default\",\"linkCommand\":[\"C:\\\\Users\\\\amy\\\\AppData\\\\Local\\\\Huawei\\\\Sdk\\\\openharmony\\\\9\\\\toolchains\\\\restool.exe\",\"-m\",\"entry\",\"-f\",\"-j\",\"C:\\\\Users\\\\amy\\\\projects\\\\MyApplication\\\\entry\\\\.preview\\\\default\\\\intermediates\\\\process_profile\\\\default\\\\module.json\",\"-p\",\"com.example.myapplication\",\"-r\",\"C:\\\\Users\\\\amy\\\\projects\\\\MyApplication\\\\entry\\\\.preview\\\\default\\\\generated\\\\r\\\\default\\\\ResourceTable.h\",\"-z\"]}}":{"hashValue":"","name":"emptyroot","path":"","type":"unknown","isSymbolicLink":false,"children":[]},"C:\\Users\\amy\\projects\\MyApplication\\entry\\.preview\\default\\intermediates\\loader_out\\default\\ets":{"hashValue":"","name":"emptyroot","path":"","type":"unknown","isSymbolicLink":false,"children":[]},"C:\\Users\\amy\\projects\\MyApplication\\entry\\build\\default\\intermediates\\loader_out\\default\\js":{"hashValue":"","name":"emptyroot","path":"","type":"unknown","isSymbolicLink":false,"children":[]},"C:\\Users\\amy\\projects\\MyApplication\\entry\\build\\default\\outputs\\default\\entry-default-signed.hap":{"hashValue":"","name":"emptyroot","path":"","type":"unknown","isSymbolicLink":false,"children":[]}}