{":MyApplication:entry:default@PreBuild":{"_inputs":[{"dataType":"ValueEntry","value":"{\"_name\":\"BUILTIN_TASK_COMMAND\",\"_value\":\"\",\"_valueType\":\"string\",\"_hash\":\"0b5d05294fdf4e78e8482ef53eb64ac0\"}"},{"dataType":"ValueEntry","value":"{\"_name\":\"BUILTIN_TASK_ENV\",\"_value\":\"\",\"_valueType\":\"string\",\"_hash\":\"cdcdc2ec8062ca9ec1de46dbf2bbc053\"}"},{"dataType":"ValueEntry","value":"{\"_name\":\"BUILTIN_TASK_TOOLCHAIN\",\"_value\":\"\",\"_valueType\":\"string\",\"_hash\":\"e7f94a9422a8bc317a7d90b58efcb5f6\"}"},{"dataType":"ValueEntry","value":"{\"_name\":\"apiType\",\"_value\":\"stageMode\",\"_valueType\":\"string\",\"_hash\":\"699c7565645ea3ea8c88551a4926a3d5\"}"},{"dataType":"ValueEntry","value":"{\"_name\":\"codeType\",\"_value\":true,\"_valueType\":\"boolean\",\"_hash\":\"d6dcf21a9f078b661283507536e57ce8\"}"},{"dataType":"ValueEntry","value":"{\"_name\":\"compatibleApiVersion\",\"_value\":9,\"_valueType\":\"number\",\"_hash\":\"8f14da7cda665d5f6676adf8a127634f\"}"},{"dataType":"ValueEntry","value":"{\"_name\":\"compileApiVersion\",\"_value\":9,\"_valueType\":\"number\",\"_hash\":\"cdd5413832c7470f85f225c67a87a683\"}"},{"dataType":"ValueEntry","value":"{\"_name\":\"deviceType\",\"_value\":[\"phone\",\"tablet\"],\"_valueType\":\"object\",\"_hash\":\"6b8c09abb74b3d778d7ce1bc1efb26ef\"}"},{"dataType":"ValueEntry","value":"{\"_name\":\"isSupportOhpmProj\",\"_value\":true,\"_valueType\":\"boolean\",\"_hash\":\"f3a249d7e3f751316e931b8a08b074b4\"}"},{"dataType":"ValueEntry","value":"{\"_name\":\"profileModuleName\",\"_value\":\"entry\",\"_valueType\":\"string\",\"_hash\":\"b174ea6ff5824844dde5ad92f6b3ef2b\"}"},{"dataType":"ValueEntry","value":"{\"_name\":\"sdkToolchainsComponentVersion\",\"_value\":\"3.2.12.5\",\"_valueType\":\"string\",\"_hash\":\"cc722e03b3384cc9b37c649e4134fc99\"}"},{"dataType":"ValueEntry","value":"{\"_name\":\"targetStatusCode\",\"_value\":2,\"_valueType\":\"number\",\"_hash\":\"5a9255c0f4ee50904a9349ebafca8369\"}"}],"_successful":true,"_projectName":"MyApplication","_moduleName":"entry","_taskName":"default@PreBuild","_key":":MyApplication:entry:default@PreBuild","_executionId":":MyApplication:entry:default@PreBuild:1704200389930","_inputFiles":{"dataType":"Map","value":[["C:\\Users\\amy\\projects\\MyApplication\\AppScope\\app.json5",{"isDirectory":false,"fileSnapShotHashValue":"9f4cf58a10b3b5c7963fec6d46a1dac1"}],["C:\\Users\\amy\\projects\\MyApplication\\entry\\src\\main\\module.json5",{"isDirectory":false,"fileSnapShotHashValue":"bdfcb27e3ca2384df7aeb54bb783c4b7"}]]},"_outputFiles":{"dataType":"Map","value":[]}},":MyApplication:entry:default@MergeProfile":{"_inputs":[{"dataType":"ValueEntry","value":"{\"_name\":\"BUILTIN_TASK_COMMAND\",\"_value\":\"\",\"_valueType\":\"string\",\"_hash\":\"0b5d05294fdf4e78e8482ef53eb64ac0\"}"},{"dataType":"ValueEntry","value":"{\"_name\":\"BUILTIN_TASK_ENV\",\"_value\":\"\",\"_valueType\":\"string\",\"_hash\":\"cdcdc2ec8062ca9ec1de46dbf2bbc053\"}"},{"dataType":"ValueEntry","value":"{\"_name\":\"BUILTIN_TASK_TOOLCHAIN\",\"_value\":\"\",\"_valueType\":\"string\",\"_hash\":\"e7f94a9422a8bc317a7d90b58efcb5f6\"}"},{"dataType":"ValueEntry","value":"{\"_name\":\"asanEnable\",\"_value\":false,\"_valueType\":\"boolean\",\"_hash\":\"bc2129ba20a21b7e5234139ede1b4d7b\"}"},{"dataType":"ValueEntry","value":"{\"_name\":\"buildRoot\",\"_value\":\"build\",\"_valueType\":\"string\",\"_hash\":\"4c2dd7bb7507f74001ec27f2936db7f9\"}"},{"dataType":"ValueEntry","value":"{\"_name\":\"compatibleSdkVersion\",\"_value\":9,\"_valueType\":\"number\",\"_hash\":\"789a8631987a2e2b1a03b001c78d0180\"}"},{"dataType":"ValueEntry","value":"{\"_name\":\"isDebug\",\"_value\":true,\"_valueType\":\"boolean\",\"_hash\":\"edbf05a2d2be2c385e75d9565a48d419\"}"},{"dataType":"ValueEntry","value":"{\"_name\":\"isHarModule\",\"_value\":false,\"_valueType\":\"boolean\",\"_hash\":\"a15b7a3ed818faa99a4a10d67f52cb72\"}"},{"dataType":"ValueEntry","value":"{\"_name\":\"multiProjects\",\"_value\":false,\"_valueType\":\"boolean\",\"_hash\":\"555604752defc243b4e4c55d1549fc06\"}"},{"dataType":"ValueEntry","value":"{\"_name\":\"releaseType\",\"_value\":\"Release\",\"_valueType\":\"string\",\"_hash\":\"bbcabdda034e97584f8c36f85b3ec517\"}"},{"dataType":"ValueEntry","value":"{\"_name\":\"targetSdkVersion\",\"_value\":9,\"_valueType\":\"number\",\"_hash\":\"09b2bdc967d8b97f7b9bf4f19735497e\"}"}],"_successful":true,"_projectName":"MyApplication","_moduleName":"entry","_taskName":"default@MergeProfile","_key":":MyApplication:entry:default@MergeProfile","_executionId":":MyApplication:entry:default@MergeProfile:1704701240354","_inputFiles":{"dataType":"Map","value":[["C:\\Users\\amy\\projects\\MyApplication\\AppScope\\app.json5",{"fileSnapShotHashValue":"9f4cf58a10b3b5c7963fec6d46a1dac1"}],["C:\\Users\\amy\\projects\\MyApplication\\entry\\src\\main\\module.json5",{"fileSnapShotHashValue":"bdfcb27e3ca2384df7aeb54bb783c4b7"}],["C:\\Users\\amy\\projects\\MyApplication\\oh_modules\\.ohpm\\@ohos+axios@2.1.1\\oh_modules\\@ohos\\axios\\src\\main\\module.json",{"fileSnapShotHashValue":"e1f64b73b82fe1e053c63521a9cf7d5b"}]]},"_outputFiles":{"dataType":"Map","value":[["C:\\Users\\amy\\projects\\MyApplication\\entry\\build\\default\\intermediates\\merge_profile\\default\\module.json",{"fileSnapShotHashValue":"14c1abeca2bb1db76e0e3b10970b0649"}]]}},":MyApplication:entry:default@GenerateLoaderJson":{"_inputs":[{"dataType":"ValueEntry","value":"{\"_name\":\"projectRootPath\",\"_value\":\"C:\\\\Users\\\\amy\\\\projects\\\\MyApplication\",\"_valueType\":\"string\"}"},{"dataType":"ValueEntry","value":"{\"_name\":\"modulePathMap\",\"_value\":\"{\\\"entry\\\":\\\"C:\\\\\\\\Users\\\\\\\\amy\\\\\\\\projects\\\\\\\\MyApplication\\\\\\\\entry\\\"}\",\"_valueType\":\"string\"}"},{"dataType":"ValueEntry","value":"{\"_name\":\"compileMode\",\"_value\":\"esmodule\",\"_valueType\":\"string\"}"},{"dataType":"ValueEntry","value":"{\"_name\":\"nodeModulesPath\",\"_value\":\"C:\\\\Users\\\\amy\\\\projects\\\\MyApplication\\\\entry\\\\build\\\\default\\\\intermediates\\\\loader_out\\\\default\\\\node_modules\",\"_valueType\":\"string\"}"},{"dataType":"ValueEntry","value":"{\"_name\":\"targetConfig\",\"_value\":\"{\\\"name\\\":\\\"default\\\",\\\"runtimeOS\\\":\\\"HarmonyOS\\\"}\",\"_valueType\":\"string\"}"},{"dataType":"ValueEntry","value":"{\"_name\":\"harNameOhmMap\",\"_value\":\"{}\",\"_valueType\":\"string\"}"},{"dataType":"ValueEntry","value":"{\"_name\":\"aotCompileMode\",\"_value\":\"\",\"_valueType\":\"string\"}"},{"dataType":"ValueEntry","value":"{\"_name\":\"apPath\",\"_value\":\"\",\"_valueType\":\"string\"}"},{"dataType":"ValueEntry","value":"{\"_name\":\"BUILTIN_TASK_COMMAND\",\"_value\":\"\",\"_valueType\":\"string\"}"},{"dataType":"ValueEntry","value":"{\"_name\":\"BUILTIN_TASK_TOOLCHAIN\",\"_value\":\"\",\"_valueType\":\"string\"}"},{"dataType":"ValueEntry","value":"{\"_name\":\"BUILTIN_TASK_ENV\",\"_value\":\"\",\"_valueType\":\"string\"}"}],"_successful":true,"_projectName":"MyApplication","_moduleName":"entry","_taskName":"default@GenerateLoaderJson","_key":":MyApplication:entry:default@GenerateLoaderJson","_executionId":":MyApplication:entry:default@GenerateLoaderJson:1704718233802","_inputFiles":{"dataType":"Map","value":[]},"_outputFiles":{"dataType":"Map","value":[["C:\\Users\\amy\\projects\\MyApplication\\entry\\build\\default\\intermediates\\loader\\default\\loader.json",{"isDirectory":false,"fileSnapShotHashValue":"e1bd6311b1b836d71bd7af79826a9726"}]]}},":MyApplication:entry:default@ProcessProfile":{"_inputs":[{"dataType":"ValueEntry","value":"{\"_name\":\"BUILTIN_TASK_COMMAND\",\"_value\":\"\",\"_valueType\":\"string\",\"_hash\":\"0b5d05294fdf4e78e8482ef53eb64ac0\"}"},{"dataType":"ValueEntry","value":"{\"_name\":\"BUILTIN_TASK_ENV\",\"_value\":\"\",\"_valueType\":\"string\",\"_hash\":\"cdcdc2ec8062ca9ec1de46dbf2bbc053\"}"},{"dataType":"ValueEntry","value":"{\"_name\":\"BUILTIN_TASK_TOOLCHAIN\",\"_value\":\"\",\"_valueType\":\"string\",\"_hash\":\"e7f94a9422a8bc317a7d90b58efcb5f6\"}"},{"dataType":"ValueEntry","value":"{\"_name\":\"arkEnable\",\"_value\":true,\"_valueType\":\"boolean\",\"_hash\":\"750b4bda198545a67903dfb3f6a00a95\"}"},{"dataType":"ValueEntry","value":"{\"_name\":\"compileMode\",\"_value\":\"esmodule\",\"_valueType\":\"string\",\"_hash\":\"dacafc8e0b77a950178a0b4d142dc32c\"}"},{"dataType":"ValueEntry","value":"{\"_name\":\"dependency\",\"_value\":\"[]\",\"_valueType\":\"string\",\"_hash\":\"ac54f3d4ced2d4c1d666d40e4f7c454a\"}"},{"dataType":"ValueEntry","value":"{\"_name\":\"deviceTypes\",\"_value\":[\"phone\",\"tablet\"],\"_valueType\":\"object\",\"_hash\":\"c166d88837153e59136adb6a4b649962\"}"}],"_successful":true,"_projectName":"MyApplication","_moduleName":"entry","_taskName":"default@ProcessProfile","_key":":MyApplication:entry:default@ProcessProfile","_executionId":":MyApplication:entry:default@ProcessProfile:1704701240396","_inputFiles":{"dataType":"Map","value":[["C:\\Users\\amy\\projects\\MyApplication\\entry\\build\\default\\intermediates\\merge_profile\\default\\module.json",{"fileSnapShotHashValue":"14c1abeca2bb1db76e0e3b10970b0649"}]]},"_outputFiles":{"dataType":"Map","value":[["C:\\Users\\amy\\projects\\MyApplication\\entry\\build\\default\\intermediates\\process_profile\\default\\module.json",{"fileSnapShotHashValue":"e94f8ab86d4576f9c9d4448d8280055f"}]]}},":MyApplication:entry:default@PreviewProcessResource":{"_inputs":[{"dataType":"ValueEntry","value":"{\"_name\":\"previewCompileResourcesCommand\",\"_value\":\"{\\\"commandList\\\":[\\\"C:\\\\\\\\Users\\\\\\\\amy\\\\\\\\AppData\\\\\\\\Local\\\\\\\\Huawei\\\\\\\\Sdk\\\\\\\\openharmony\\\\\\\\9\\\\\\\\toolchains\\\\\\\\restool.exe\\\",\\\"-m\\\",\\\"entry\\\",\\\"-f\\\",\\\"-j\\\",\\\"C:\\\\\\\\Users\\\\\\\\amy\\\\\\\\projects\\\\\\\\MyApplication\\\\\\\\entry\\\\\\\\.preview\\\\\\\\default\\\\\\\\intermediates\\\\\\\\process_profile\\\\\\\\default\\\\\\\\module.json\\\",\\\"-p\\\",\\\"com.example.myapplication\\\",\\\"-o\\\",\\\"C:\\\\\\\\Users\\\\\\\\amy\\\\\\\\projects\\\\\\\\MyApplication\\\\\\\\entry\\\\\\\\.preview\\\\\\\\default\\\\\\\\intermediates\\\\\\\\res\\\\\\\\default\\\",\\\"-r\\\",\\\"C:\\\\\\\\Users\\\\\\\\amy\\\\\\\\projects\\\\\\\\MyApplication\\\\\\\\entry\\\\\\\\.preview\\\\\\\\default\\\\\\\\generated\\\\\\\\r\\\\\\\\default\\\\\\\\ResourceTable.h\\\"],\\\"inputFiles\\\":{\\\"_group\\\":{}},\\\"outputFiles\\\":{\\\"_group\\\":{}},\\\"existsResourceDir\\\":true,\\\"restoolLinkParamObj\\\":{\\\"appScopeResources\\\":\\\"C:\\\\\\\\Users\\\\\\\\amy\\\\\\\\projects\\\\\\\\MyApplication\\\\\\\\AppScope\\\\\\\\resources\\\",\\\"moduleResourcesMap\\\":{},\\\"harResourcesMap\\\":{},\\\"outputPath\\\":\\\"C:\\\\\\\\Users\\\\\\\\amy\\\\\\\\projects\\\\\\\\MyApplication\\\\\\\\entry\\\\\\\\.preview\\\\\\\\default\\\\\\\\intermediates\\\\\\\\res\\\\\\\\default\\\",\\\"linkCommand\\\":[\\\"C:\\\\\\\\Users\\\\\\\\amy\\\\\\\\AppData\\\\\\\\Local\\\\\\\\Huawei\\\\\\\\Sdk\\\\\\\\openharmony\\\\\\\\9\\\\\\\\toolchains\\\\\\\\restool.exe\\\",\\\"-m\\\",\\\"entry\\\",\\\"-f\\\",\\\"-j\\\",\\\"C:\\\\\\\\Users\\\\\\\\amy\\\\\\\\projects\\\\\\\\MyApplication\\\\\\\\entry\\\\\\\\.preview\\\\\\\\default\\\\\\\\intermediates\\\\\\\\process_profile\\\\\\\\default\\\\\\\\module.json\\\",\\\"-p\\\",\\\"com.example.myapplication\\\",\\\"-r\\\",\\\"C:\\\\\\\\Users\\\\\\\\amy\\\\\\\\projects\\\\\\\\MyApplication\\\\\\\\entry\\\\\\\\.preview\\\\\\\\default\\\\\\\\generated\\\\\\\\r\\\\\\\\default\\\\\\\\ResourceTable.h\\\",\\\"-z\\\"]}}\",\"_valueType\":\"string\"}"},{"dataType":"ValueEntry","value":"{\"_name\":\"BUILTIN_TASK_COMMAND\",\"_value\":\"\",\"_valueType\":\"string\"}"},{"dataType":"ValueEntry","value":"{\"_name\":\"BUILTIN_TASK_TOOLCHAIN\",\"_value\":\"\",\"_valueType\":\"string\"}"},{"dataType":"ValueEntry","value":"{\"_name\":\"BUILTIN_TASK_ENV\",\"_value\":\"\",\"_valueType\":\"string\"}"}],"_successful":true,"_projectName":"MyApplication","_moduleName":"entry","_taskName":"default@PreviewProcessResource","_key":":MyApplication:entry:default@PreviewProcessResource","_executionId":":MyApplication:entry:default@PreviewProcessResource:1704695307031","_inputFiles":{"dataType":"Map","value":[]},"_outputFiles":{"dataType":"Map","value":[["{\"commandList\":[\"C:\\\\Users\\\\amy\\\\AppData\\\\Local\\\\Huawei\\\\Sdk\\\\openharmony\\\\9\\\\toolchains\\\\restool.exe\",\"-m\",\"entry\",\"-f\",\"-j\",\"C:\\\\Users\\\\amy\\\\projects\\\\MyApplication\\\\entry\\\\.preview\\\\default\\\\intermediates\\\\process_profile\\\\default\\\\module.json\",\"-p\",\"com.example.myapplication\",\"-o\",\"C:\\\\Users\\\\amy\\\\projects\\\\MyApplication\\\\entry\\\\.preview\\\\default\\\\intermediates\\\\res\\\\default\",\"-r\",\"C:\\\\Users\\\\amy\\\\projects\\\\MyApplication\\\\entry\\\\.preview\\\\default\\\\generated\\\\r\\\\default\\\\ResourceTable.h\"],\"inputFiles\":{\"_group\":{}},\"outputFiles\":{\"_group\":{}},\"existsResourceDir\":true,\"restoolLinkParamObj\":{\"appScopeResources\":\"C:\\\\Users\\\\amy\\\\projects\\\\MyApplication\\\\AppScope\\\\resources\",\"moduleResourcesMap\":{},\"harResourcesMap\":{},\"outputPath\":\"C:\\\\Users\\\\amy\\\\projects\\\\MyApplication\\\\entry\\\\.preview\\\\default\\\\intermediates\\\\res\\\\default\",\"linkCommand\":[\"C:\\\\Users\\\\amy\\\\AppData\\\\Local\\\\Huawei\\\\Sdk\\\\openharmony\\\\9\\\\toolchains\\\\restool.exe\",\"-m\",\"entry\",\"-f\",\"-j\",\"C:\\\\Users\\\\amy\\\\projects\\\\MyApplication\\\\entry\\\\.preview\\\\default\\\\intermediates\\\\process_profile\\\\default\\\\module.json\",\"-p\",\"com.example.myapplication\",\"-r\",\"C:\\\\Users\\\\amy\\\\projects\\\\MyApplication\\\\entry\\\\.preview\\\\default\\\\generated\\\\r\\\\default\\\\ResourceTable.h\",\"-z\"]}}",{"isDirectory":false,"fileSnapShotHashValue":""}]]}},":MyApplication:entry:default@PreviewCompileResource":{"_inputs":[{"dataType":"ValueEntry","value":"{\"_name\":\"PREVIEWER_REPLACE_PAGE\",\"_valueType\":\"undefined\"}"},{"dataType":"ValueEntry","value":"{\"_name\":\"PREVIEWER_REPLACE_SRCPATH\",\"_valueType\":\"undefined\"}"},{"dataType":"ValueEntry","value":"{\"_name\":\"TARGET_CONFIG\",\"_value\":\"{\\\"name\\\":\\\"default\\\",\\\"runtimeOS\\\":\\\"HarmonyOS\\\"}\",\"_valueType\":\"string\"}"},{"dataType":"ValueEntry","value":"{\"_name\":\"BUILTIN_TASK_COMMAND\",\"_value\":\"\",\"_valueType\":\"string\"}"},{"dataType":"ValueEntry","value":"{\"_name\":\"BUILTIN_TASK_TOOLCHAIN\",\"_value\":\"C:\\\\Users\\\\amy\\\\AppData\\\\Local\\\\Huawei\\\\Sdk\\\\openharmony\\\\9\\\\toolchains\\\\restool.exe\",\"_valueType\":\"string\"}"},{"dataType":"ValueEntry","value":"{\"_name\":\"BUILTIN_TASK_ENV\",\"_value\":\"\",\"_valueType\":\"string\"}"}],"_successful":true,"_projectName":"MyApplication","_moduleName":"entry","_taskName":"default@PreviewCompileResource","_key":":MyApplication:entry:default@PreviewCompileResource","_executionId":":MyApplication:entry:default@PreviewCompileResource:1704695307040","_inputFiles":{"dataType":"Map","value":[["C:\\Users\\amy\\projects\\MyApplication\\entry\\src\\main\\resources",{"fileSnapShotHashValue":"7213330df2620385f793fc161e63cdde"}],["C:\\Users\\amy\\projects\\MyApplication\\oh_modules\\.ohpm\\@ohos+axios@2.1.1\\oh_modules\\@ohos\\axios\\src\\main\\resources",{"fileSnapShotHashValue":"bf084c45f3e2b26cf41c090b0a240827"}],["C:\\Users\\amy\\projects\\MyApplication\\AppScope\\resources",{"fileSnapShotHashValue":"193a3c0d040c6ee1bf64095e1967a5f6"}],["C:\\Users\\amy\\projects\\MyApplication\\entry\\.preview\\default\\intermediates\\process_profile\\default\\module.json",{"isDirectory":false,"fileSnapShotHashValue":"4a98579127b5324435c5f8a5318797a5"}]]},"_outputFiles":{"dataType":"Map","value":[["C:\\Users\\amy\\projects\\MyApplication\\entry\\.preview\\default\\intermediates\\res\\default",{"isDirectory":true,"fileSnapShotHashValue":"d70e44722695fc970153c97445a88c59"}],["C:\\Users\\amy\\projects\\MyApplication\\entry\\.preview\\default\\generated\\r\\default\\ResourceTable.h",{"isDirectory":false,"fileSnapShotHashValue":"3aff030c8ee539cfd63562026164f439"}],["C:\\Users\\amy\\projects\\MyApplication\\entry\\.preview\\default\\generated\\r\\default",{"isDirectory":true,"fileSnapShotHashValue":"0188b1f0402e929e6bd68585613048cf"}]]}},":MyApplication:entry:default@PreviewUpdateAssets":{"_inputs":[{"dataType":"ValueEntry","value":"{\"_name\":\"BUILTIN_TASK_COMMAND\",\"_value\":\"\",\"_valueType\":\"string\"}"},{"dataType":"ValueEntry","value":"{\"_name\":\"BUILTIN_TASK_TOOLCHAIN\",\"_value\":\"\",\"_valueType\":\"string\"}"},{"dataType":"ValueEntry","value":"{\"_name\":\"BUILTIN_TASK_ENV\",\"_value\":\"\",\"_valueType\":\"string\"}"}],"_successful":true,"_projectName":"MyApplication","_moduleName":"entry","_taskName":"default@PreviewUpdateAssets","_key":":MyApplication:entry:default@PreviewUpdateAssets","_executionId":":MyApplication:entry:default@PreviewUpdateAssets:1704695307527","_inputFiles":{"dataType":"Map","value":[["C:\\Users\\amy\\projects\\MyApplication\\entry\\.preview\\config\\buildConfig.json",{"isDirectory":false,"fileSnapShotHashValue":"74bc07af82f5c5029ba2635d33186672"}]]},"_outputFiles":{"dataType":"Map","value":[["C:\\Users\\amy\\projects\\MyApplication\\entry\\.preview\\default\\intermediates\\res\\default\\module.json",{"isDirectory":false,"fileSnapShotHashValue":"98b2775aa837ca96f742729b7d7e57b2"}],["C:\\Users\\amy\\projects\\MyApplication\\entry\\.preview\\default\\intermediates\\res\\default\\resources\\base\\profile\\main_pages.json",{"isDirectory":false,"fileSnapShotHashValue":"06b17f3a4f3d73ae9802ca7f2385dfaf"}]]}},":MyApplication:entry:default@PreviewArkTS":{"_inputs":[{"dataType":"ValueEntry","value":"{\"_name\":\"debuggable\",\"_value\":true,\"_valueType\":\"boolean\"}"},{"dataType":"ValueEntry","value":"{\"_name\":\"isArk\",\"_value\":true,\"_valueType\":\"boolean\"}"},{"dataType":"ValueEntry","value":"{\"_name\":\"needCoverageInsert\",\"_value\":false,\"_valueType\":\"boolean\"}"},{"dataType":"ValueEntry","value":"{\"_name\":\"arkTsWdiget\",\"_value\":false,\"_valueType\":\"boolean\"}"},{"dataType":"ValueEntry","value":"{\"_name\":\"BUILTIN_TASK_COMMAND\",\"_value\":\"\",\"_valueType\":\"string\"}"},{"dataType":"ValueEntry","value":"{\"_name\":\"BUILTIN_TASK_TOOLCHAIN\",\"_value\":\"\",\"_valueType\":\"string\"}"},{"dataType":"ValueEntry","value":"{\"_name\":\"BUILTIN_TASK_ENV\",\"_value\":\"\",\"_valueType\":\"string\"}"}],"_successful":true,"_projectName":"MyApplication","_moduleName":"entry","_taskName":"default@PreviewArkTS","_key":":MyApplication:entry:default@PreviewArkTS","_executionId":":MyApplication:entry:default@PreviewArkTS:1704695307536","_inputFiles":{"dataType":"Map","value":[["C:\\Users\\amy\\projects\\MyApplication\\entry\\.preview\\default\\intermediates\\loader\\default",{"isDirectory":true,"fileSnapShotHashValue":"d29ee13a714b9a65f687bd65cbc3df8b"}],["C:\\Users\\amy\\projects\\MyApplication\\entry\\.preview\\default\\intermediates\\res\\default\\ResourceTable.txt",{"fileSnapShotHashValue":"15529a6853130bfdb44a990fd5c0f72c"}],["C:\\Users\\amy\\projects\\MyApplication\\oh_modules\\.ohpm\\@ohos+axios@2.1.1\\oh_modules\\@ohos\\axios\\index.js",{"fileSnapShotHashValue":"51c1d3df6d892c00a649f42f5192865b"}],["C:\\Users\\amy\\projects\\MyApplication\\oh_modules\\.ohpm\\@ohos+axios@2.1.1\\oh_modules\\@ohos\\axios\\src\\main\\ets",{"isDirectory":true,"fileSnapShotHashValue":"0d24db511cd751fbcc0e92e7d841fcad"}],["C:\\Users\\amy\\projects\\MyApplication\\entry\\.preview\\default\\intermediates\\res\\default\\module.json",{"fileSnapShotHashValue":"98b2775aa837ca96f742729b7d7e57b2"}],["C:\\Users\\amy\\projects\\MyApplication\\entry\\.preview\\default\\intermediates\\res\\default\\resources\\base\\profile",{"isDirectory":true,"fileSnapShotHashValue":"17f3dbb695be3cca923d365306a28efa"}],["C:\\Users\\amy\\projects\\MyApplication\\entry\\src\\main\\ets",{"isDirectory":true,"fileSnapShotHashValue":"f85683aae9e58e9d0b515655e5a52aad"}]]},"_outputFiles":{"dataType":"Map","value":[["C:\\Users\\amy\\projects\\MyApplication\\entry\\.preview\\default\\intermediates\\loader_out\\default\\ets",{"isDirectory":true,"fileSnapShotHashValue":""}]]}},":MyApplication:entry:default@GenerateMetadata":{"_inputs":[{"dataType":"ValueEntry","value":"{\"_name\":\"BUILTIN_TASK_COMMAND\",\"_value\":\"\",\"_valueType\":\"string\",\"_hash\":\"0b5d05294fdf4e78e8482ef53eb64ac0\"}"},{"dataType":"ValueEntry","value":"{\"_name\":\"BUILTIN_TASK_ENV\",\"_value\":\"\",\"_valueType\":\"string\",\"_hash\":\"cdcdc2ec8062ca9ec1de46dbf2bbc053\"}"},{"dataType":"ValueEntry","value":"{\"_name\":\"BUILTIN_TASK_TOOLCHAIN\",\"_value\":\"\",\"_valueType\":\"string\",\"_hash\":\"e7f94a9422a8bc317a7d90b58efcb5f6\"}"},{"dataType":"ValueEntry","value":"{\"_name\":\"entryModules\",\"_value\":[],\"_valueType\":\"object\",\"_hash\":\"aea18c73616ef065de1f5734ffcfeacd\"}"},{"dataType":"ValueEntry","value":"{\"_name\":\"existSigningConfig\",\"_value\":false,\"_valueType\":\"boolean\",\"_hash\":\"1577ffedb088f641d0438ac50d5978d5\"}"},{"dataType":"ValueEntry","value":"{\"_name\":\"moduleDeviceType\",\"_value\":[\"phone\",\"tablet\"],\"_valueType\":\"object\",\"_hash\":\"813bc33f3fdde783add9cb9f328a5b28\"}"},{"dataType":"ValueEntry","value":"{\"_name\":\"product\",\"_value\":\"default\",\"_valueType\":\"string\",\"_hash\":\"c78efd675257060e500cc4a185c4a166\"}"},{"dataType":"ValueEntry","value":"{\"_name\":\"sdkToolchainsComponentVersion\",\"_value\":\"3.2.12.5\",\"_valueType\":\"string\",\"_hash\":\"cc722e03b3384cc9b37c649e4134fc99\"}"},{"dataType":"ValueEntry","value":"{\"_name\":\"targetConfig\",\"_value\":\"{\\\"name\\\":\\\"default\\\",\\\"runtimeOS\\\":\\\"HarmonyOS\\\"}\",\"_valueType\":\"string\",\"_hash\":\"96bcd83382fb082c731eedf7bc0cf1dc\"}"}],"_successful":true,"_projectName":"MyApplication","_moduleName":"entry","_taskName":"default@GenerateMetadata","_key":":MyApplication:entry:default@GenerateMetadata","_executionId":":MyApplication:entry:default@GenerateMetadata:1704200390146","_inputFiles":{"dataType":"Map","value":[["C:\\Users\\amy\\projects\\MyApplication\\entry\\src\\main\\module.json5",{"fileSnapShotHashValue":"bdfcb27e3ca2384df7aeb54bb783c4b7"}]]},"_outputFiles":{"dataType":"Map","value":[["C:\\Users\\amy\\projects\\MyApplication\\entry\\build\\default\\intermediates\\hap_metadata\\default\\output_metadata.json",{"fileSnapShotHashValue":"a1eb1ca7db85ede9a6bc85dfd31890b5"}]]}},":MyApplication:entry:default@MakePackInfo":{"_inputs":[{"dataType":"ValueEntry","value":"{\"_name\":\"BUILTIN_TASK_COMMAND\",\"_value\":\"\",\"_valueType\":\"string\",\"_hash\":\"0b5d05294fdf4e78e8482ef53eb64ac0\"}"},{"dataType":"ValueEntry","value":"{\"_name\":\"BUILTIN_TASK_ENV\",\"_value\":\"\",\"_valueType\":\"string\",\"_hash\":\"cdcdc2ec8062ca9ec1de46dbf2bbc053\"}"},{"dataType":"ValueEntry","value":"{\"_name\":\"BUILTIN_TASK_TOOLCHAIN\",\"_value\":\"\",\"_valueType\":\"string\",\"_hash\":\"e7f94a9422a8bc317a7d90b58efcb5f6\"}"},{"dataType":"ValueEntry","value":"{\"_name\":\"compatibleSdkVersion\",\"_value\":9,\"_valueType\":\"number\",\"_hash\":\"789a8631987a2e2b1a03b001c78d0180\"}"},{"dataType":"ValueEntry","value":"{\"_name\":\"compileSdkVersion\",\"_value\":9,\"_valueType\":\"number\",\"_hash\":\"3d4d5df63426ff238569b8e54a6b76e3\"}"},{"dataType":"ValueEntry","value":"{\"_name\":\"deviceTypes\",\"_value\":[\"phone\",\"tablet\"],\"_valueType\":\"object\",\"_hash\":\"c166d88837153e59136adb6a4b649962\"}"},{"dataType":"ValueEntry","value":"{\"_name\":\"releaseType\",\"_value\":\"Release\",\"_valueType\":\"string\",\"_hash\":\"bbcabdda034e97584f8c36f85b3ec517\"}"}],"_successful":true,"_projectName":"MyApplication","_moduleName":"entry","_taskName":"default@MakePackInfo","_key":":MyApplication:entry:default@MakePackInfo","_executionId":":MyApplication:entry:default@MakePackInfo:1704200390177","_inputFiles":{"dataType":"Map","value":[["C:\\Users\\amy\\projects\\MyApplication\\AppScope\\app.json5",{"fileSnapShotHashValue":"9f4cf58a10b3b5c7963fec6d46a1dac1"}],["C:\\Users\\amy\\projects\\MyApplication\\entry\\src\\main\\module.json5",{"fileSnapShotHashValue":"bdfcb27e3ca2384df7aeb54bb783c4b7"}]]},"_outputFiles":{"dataType":"Map","value":[["C:\\Users\\amy\\projects\\MyApplication\\entry\\build\\default\\outputs\\default\\pack.info",{"fileSnapShotHashValue":"c7573c0d806ccf40c1a496240f588c0e"}]]}},":MyApplication:entry:default@ProcessResource":{"_inputs":[{"dataType":"ValueEntry","value":"{\"_name\":\"BUILTIN_TASK_COMMAND\",\"_value\":\"\",\"_valueType\":\"string\",\"_hash\":\"0b5d05294fdf4e78e8482ef53eb64ac0\"}"},{"dataType":"ValueEntry","value":"{\"_name\":\"BUILTIN_TASK_ENV\",\"_value\":\"\",\"_valueType\":\"string\",\"_hash\":\"cdcdc2ec8062ca9ec1de46dbf2bbc053\"}"},{"dataType":"ValueEntry","value":"{\"_name\":\"BUILTIN_TASK_TOOLCHAIN\",\"_value\":\"\",\"_valueType\":\"string\",\"_hash\":\"e7f94a9422a8bc317a7d90b58efcb5f6\"}"},{"dataType":"ValueEntry","value":"{\"_name\":\"resConfigJsonContent\",\"_value\":\"{\\\"configPath\\\":\\\"C:\\\\\\\\Users\\\\\\\\amy\\\\\\\\projects\\\\\\\\MyApplication\\\\\\\\entry\\\\\\\\build\\\\\\\\default\\\\\\\\intermediates\\\\\\\\process_profile\\\\\\\\default\\\\\\\\module.json\\\",\\\"packageName\\\":\\\"com.example.myapplication\\\",\\\"output\\\":\\\"C:\\\\\\\\Users\\\\\\\\amy\\\\\\\\projects\\\\\\\\MyApplication\\\\\\\\entry\\\\\\\\build\\\\\\\\default\\\\\\\\intermediates\\\\\\\\res\\\\\\\\default\\\",\\\"moduleNames\\\":\\\"entry\\\",\\\"ResourceTable\\\":[\\\"C:\\\\\\\\Users\\\\\\\\amy\\\\\\\\projects\\\\\\\\MyApplication\\\\\\\\entry\\\\\\\\build\\\\\\\\default\\\\\\\\generated\\\\\\\\r\\\\\\\\default\\\\\\\\ResourceTable.h\\\"],\\\"applicationResource\\\":\\\"C:\\\\\\\\Users\\\\\\\\amy\\\\\\\\projects\\\\\\\\MyApplication\\\\\\\\AppScope\\\\\\\\resources\\\",\\\"moduleResources\\\":[\\\"C:\\\\\\\\Users\\\\\\\\amy\\\\\\\\projects\\\\\\\\MyApplication\\\\\\\\entry\\\\\\\\src\\\\\\\\main\\\\\\\\resources\\\"],\\\"dependencies\\\":[\\\"C:\\\\\\\\Users\\\\\\\\amy\\\\\\\\projects\\\\\\\\MyApplication\\\\\\\\oh_modules\\\\\\\\.ohpm\\\\\\\\@ohos+axios@2.1.1\\\\\\\\oh_modules\\\\\\\\@ohos\\\\\\\\axios\\\\\\\\src\\\\\\\\main\\\\\\\\resources\\\"]}\",\"_valueType\":\"string\",\"_hash\":\"36cc7c22ad330a1a1dbf8ff52cfbf054\"}"}],"_successful":true,"_projectName":"MyApplication","_moduleName":"entry","_taskName":"default@ProcessResource","_key":":MyApplication:entry:default@ProcessResource","_executionId":":MyApplication:entry:default@ProcessResource:1704169460513","_inputFiles":{"dataType":"Map","value":[]},"_outputFiles":{"dataType":"Map","value":[["C:\\Users\\amy\\projects\\MyApplication\\entry\\build\\default\\intermediates\\res\\default\\resConfig.json",{"isDirectory":false,"fileSnapShotHashValue":"a6043a6c02a6bb8450a3687014a1ff38"}]]}},":MyApplication:entry:default@ProcessLibs":{"_inputs":[{"dataType":"ValueEntry","value":"{\"_name\":\"BUILTIN_TASK_COMMAND\",\"_value\":\"\",\"_valueType\":\"string\",\"_hash\":\"0b5d05294fdf4e78e8482ef53eb64ac0\"}"},{"dataType":"ValueEntry","value":"{\"_name\":\"BUILTIN_TASK_ENV\",\"_value\":\"\",\"_valueType\":\"string\",\"_hash\":\"cdcdc2ec8062ca9ec1de46dbf2bbc053\"}"},{"dataType":"ValueEntry","value":"{\"_name\":\"BUILTIN_TASK_TOOLCHAIN\",\"_value\":\"\",\"_valueType\":\"string\",\"_hash\":\"e7f94a9422a8bc317a7d90b58efcb5f6\"}"}],"_successful":true,"_projectName":"MyApplication","_moduleName":"entry","_taskName":"default@ProcessLibs","_key":":MyApplication:entry:default@ProcessLibs","_executionId":":MyApplication:entry:default@ProcessLibs:1704169460515","_inputFiles":{"dataType":"Map","value":[["C:\\Users\\amy\\projects\\MyApplication\\oh_modules\\.ohpm\\@ohos+axios@2.1.1\\oh_modules\\@ohos\\axios\\libs",{"isDirectory":true,"fileSnapShotHashValue":""}]]},"_outputFiles":{"dataType":"Map","value":[["C:\\Users\\amy\\projects\\MyApplication\\entry\\build\\default\\intermediates\\libs\\default",{"isDirectory":true,"fileSnapShotHashValue":""}]]}},":MyApplication:entry:default@CompileResource":{"_inputs":[{"dataType":"ValueEntry","value":"{\"_name\":\"BUILTIN_TASK_COMMAND\",\"_value\":\"C:\\\\Users\\\\amy\\\\AppData\\\\Local\\\\Huawei\\\\Sdk\\\\openharmony\\\\9\\\\toolchains\\\\restool.exe,-l,C:\\\\Users\\\\amy\\\\projects\\\\MyApplication\\\\entry\\\\build\\\\default\\\\intermediates\\\\res\\\\default\\\\resConfig.json\",\"_valueType\":\"string\",\"_hash\":\"a159acecfd3e1c9fd205b73b96da8319\"}"},{"dataType":"ValueEntry","value":"{\"_name\":\"BUILTIN_TASK_ENV\",\"_value\":\"\",\"_valueType\":\"string\",\"_hash\":\"cdcdc2ec8062ca9ec1de46dbf2bbc053\"}"},{"dataType":"ValueEntry","value":"{\"_name\":\"BUILTIN_TASK_TOOLCHAIN\",\"_value\":\"C:\\\\Users\\\\amy\\\\AppData\\\\Local\\\\Huawei\\\\Sdk\\\\openharmony\\\\9\\\\toolchains\\\\restool.exe\",\"_valueType\":\"string\",\"_hash\":\"a211988eaec044bfcce6b5cd2679586a\"}"},{"dataType":"ValueEntry","value":"{\"_name\":\"TARGET_CONFIG\",\"_value\":\"{\\\"name\\\":\\\"default\\\",\\\"runtimeOS\\\":\\\"HarmonyOS\\\"}\",\"_valueType\":\"string\",\"_hash\":\"d1734598343a94c88ec5404fdcdfa944\"}"}],"_successful":true,"_projectName":"MyApplication","_moduleName":"entry","_taskName":"default@CompileResource","_key":":MyApplication:entry:default@CompileResource","_executionId":":MyApplication:entry:default@CompileResource:1704701240570","_inputFiles":{"dataType":"Map","value":[["C:\\Users\\amy\\projects\\MyApplication\\entry\\src\\main\\resources",{"fileSnapShotHashValue":"7213330df2620385f793fc161e63cdde"}],["C:\\Users\\amy\\projects\\MyApplication\\oh_modules\\.ohpm\\@ohos+axios@2.1.1\\oh_modules\\@ohos\\axios\\src\\main\\resources",{"fileSnapShotHashValue":"bf084c45f3e2b26cf41c090b0a240827"}],["C:\\Users\\amy\\projects\\MyApplication\\AppScope\\resources",{"fileSnapShotHashValue":"193a3c0d040c6ee1bf64095e1967a5f6"}],["C:\\Users\\amy\\projects\\MyApplication\\entry\\build\\default\\intermediates\\process_profile\\default\\module.json",{"isDirectory":false,"fileSnapShotHashValue":"e94f8ab86d4576f9c9d4448d8280055f"}],["C:\\Users\\amy\\projects\\MyApplication\\entry\\build\\default\\intermediates\\res\\default\\resConfig.json",{"isDirectory":false,"fileSnapShotHashValue":"a6043a6c02a6bb8450a3687014a1ff38"}]]},"_outputFiles":{"dataType":"Map","value":[["C:\\Users\\amy\\projects\\MyApplication\\entry\\build\\default\\intermediates\\res\\default",{"isDirectory":true,"fileSnapShotHashValue":"91fb60d3184165a7f8df13ec0d06c5c4"}],["C:\\Users\\amy\\projects\\MyApplication\\entry\\build\\default\\generated\\r\\default\\ResourceTable.h",{"isDirectory":false,"fileSnapShotHashValue":"5f6e25575e4e2c5ae7a2479d4547797b"}],["C:\\Users\\amy\\projects\\MyApplication\\entry\\build\\default\\generated\\r\\default",{"isDirectory":true,"fileSnapShotHashValue":"97e3e5aac39bbda565f43b324296afa7"}]]}},":MyApplication:entry:default@CompileArkTS":{"_inputs":[{"dataType":"ValueEntry","value":"{\"_name\":\"debuggable\",\"_value\":true,\"_valueType\":\"boolean\"}"},{"dataType":"ValueEntry","value":"{\"_name\":\"isArk\",\"_value\":true,\"_valueType\":\"boolean\"}"},{"dataType":"ValueEntry","value":"{\"_name\":\"needCoverageInsert\",\"_value\":false,\"_valueType\":\"boolean\"}"},{"dataType":"ValueEntry","value":"{\"_name\":\"arkTsWdiget\",\"_value\":false,\"_valueType\":\"boolean\"}"},{"dataType":"ValueEntry","value":"{\"_name\":\"BUILTIN_TASK_COMMAND\",\"_value\":\"\",\"_valueType\":\"string\"}"},{"dataType":"ValueEntry","value":"{\"_name\":\"BUILTIN_TASK_TOOLCHAIN\",\"_value\":\"\",\"_valueType\":\"string\"}"},{"dataType":"ValueEntry","value":"{\"_name\":\"BUILTIN_TASK_ENV\",\"_value\":\"\",\"_valueType\":\"string\"}"}],"_successful":true,"_projectName":"MyApplication","_moduleName":"entry","_taskName":"default@CompileArkTS","_key":":MyApplication:entry:default@CompileArkTS","_executionId":":MyApplication:entry:default@CompileArkTS:1704718233906","_inputFiles":{"dataType":"Map","value":[["C:\\Users\\amy\\projects\\MyApplication\\entry\\build\\default\\intermediates\\loader\\default",{"isDirectory":true,"fileSnapShotHashValue":"63a302d2007e58a5befaec2b90e3b688"}],["C:\\Users\\amy\\projects\\MyApplication\\entry\\build\\default\\intermediates\\res\\default\\ResourceTable.txt",{"fileSnapShotHashValue":"a4a294f834134bf65ef5bb312aa54bff"}],["C:\\Users\\amy\\projects\\MyApplication\\oh_modules\\.ohpm\\@ohos+axios@2.1.1\\oh_modules\\@ohos\\axios\\index.js",{"fileSnapShotHashValue":"51c1d3df6d892c00a649f42f5192865b"}],["C:\\Users\\amy\\projects\\MyApplication\\oh_modules\\.ohpm\\@ohos+axios@2.1.1\\oh_modules\\@ohos\\axios\\src\\main\\ets",{"isDirectory":true,"fileSnapShotHashValue":"0d24db511cd751fbcc0e92e7d841fcad"}],["C:\\Users\\amy\\projects\\MyApplication\\entry\\build\\default\\intermediates\\res\\default\\module.json",{"fileSnapShotHashValue":"16f121a44b54d5f51e5acdb908cd3940"}],["C:\\Users\\amy\\projects\\MyApplication\\entry\\build\\default\\intermediates\\res\\default\\resources\\base\\profile",{"isDirectory":true,"fileSnapShotHashValue":"e59d43213e42ebb66364f3ac824ef7c7"}],["C:\\Users\\amy\\projects\\MyApplication\\entry\\src\\main\\ets",{"isDirectory":true,"fileSnapShotHashValue":"c426236c896be459014b1609148e8e0c"}]]},"_outputFiles":{"dataType":"Map","value":[["C:\\Users\\amy\\projects\\MyApplication\\entry\\build\\default\\intermediates\\loader_out\\default\\ets",{"isDirectory":true,"fileSnapShotHashValue":"86959d1538992e16994c300050c82280"}]]}},":MyApplication:entry:default@CompileJS":{"_inputs":[{"dataType":"ValueEntry","value":"{\"_name\":\"debuggable\",\"_value\":true,\"_valueType\":\"boolean\"}"},{"dataType":"ValueEntry","value":"{\"_name\":\"isArk\",\"_value\":true,\"_valueType\":\"boolean\"}"},{"dataType":"ValueEntry","value":"{\"_name\":\"needCoverageInsert\",\"_value\":false,\"_valueType\":\"boolean\"}"},{"dataType":"ValueEntry","value":"{\"_name\":\"BUILTIN_TASK_COMMAND\",\"_value\":\"\",\"_valueType\":\"string\"}"},{"dataType":"ValueEntry","value":"{\"_name\":\"BUILTIN_TASK_TOOLCHAIN\",\"_value\":\"\",\"_valueType\":\"string\"}"},{"dataType":"ValueEntry","value":"{\"_name\":\"BUILTIN_TASK_ENV\",\"_value\":\"\",\"_valueType\":\"string\"}"}],"_successful":true,"_projectName":"MyApplication","_moduleName":"entry","_taskName":"default@CompileJS","_key":":MyApplication:entry:default@CompileJS","_executionId":":MyApplication:entry:default@CompileJS:1704718233891","_inputFiles":{"dataType":"Map","value":[["C:\\Users\\amy\\projects\\MyApplication\\entry\\build\\default\\intermediates\\loader\\default",{"isDirectory":true,"fileSnapShotHashValue":"63a302d2007e58a5befaec2b90e3b688"}],["C:\\Users\\amy\\projects\\MyApplication\\entry\\build\\default\\intermediates\\res\\default\\ResourceTable.txt",{"fileSnapShotHashValue":"a4a294f834134bf65ef5bb312aa54bff"}],["C:\\Users\\amy\\projects\\MyApplication\\oh_modules\\.ohpm\\@ohos+axios@2.1.1\\oh_modules\\@ohos\\axios\\index.js",{"fileSnapShotHashValue":"51c1d3df6d892c00a649f42f5192865b"}],["C:\\Users\\amy\\projects\\MyApplication\\entry\\build\\default\\intermediates\\res\\default\\module.json",{"fileSnapShotHashValue":"16f121a44b54d5f51e5acdb908cd3940"}],["C:\\Users\\amy\\projects\\MyApplication\\entry\\build\\default\\intermediates\\res\\default\\resources\\base\\profile",{"isDirectory":true,"fileSnapShotHashValue":"e59d43213e42ebb66364f3ac824ef7c7"}]]},"_outputFiles":{"dataType":"Map","value":[["C:\\Users\\amy\\projects\\MyApplication\\entry\\build\\default\\intermediates\\loader_out\\default\\js",{"isDirectory":true,"fileSnapShotHashValue":""}]]}},":MyApplication:entry:default@PackageHap":{"_inputs":[{"dataType":"ValueEntry","value":"{\"_name\":\"hotReload\",\"_value\":true,\"_valueType\":\"boolean\"}"},{"dataType":"ValueEntry","value":"{\"_name\":\"BUILTIN_TASK_COMMAND\",\"_value\":\"java,-Dfile.encoding=utf-8,-jar,C:\\\\Users\\\\amy\\\\AppData\\\\Local\\\\Huawei\\\\Sdk\\\\openharmony\\\\9\\\\toolchains\\\\lib\\\\app_packing_tool.jar,--mode,hap,--force,true,--lib-path,C:\\\\Users\\\\amy\\\\projects\\\\MyApplication\\\\entry\\\\build\\\\default\\\\intermediates\\\\libs\\\\default,--json-path,C:\\\\Users\\\\amy\\\\projects\\\\MyApplication\\\\entry\\\\build\\\\default\\\\intermediates\\\\res\\\\default\\\\module.json,--resources-path,C:\\\\Users\\\\amy\\\\projects\\\\MyApplication\\\\entry\\\\build\\\\default\\\\intermediates\\\\res\\\\default\\\\resources,--index-path,C:\\\\Users\\\\amy\\\\projects\\\\MyApplication\\\\entry\\\\build\\\\default\\\\intermediates\\\\res\\\\default\\\\resources.index,--pack-info-path,C:\\\\Users\\\\amy\\\\projects\\\\MyApplication\\\\entry\\\\build\\\\default\\\\outputs\\\\default\\\\pack.info,--out-path,C:\\\\Users\\\\amy\\\\projects\\\\MyApplication\\\\entry\\\\build\\\\default\\\\outputs\\\\default\\\\entry-default-unsigned.hap,--ets-path,C:\\\\Users\\\\amy\\\\projects\\\\MyApplication\\\\entry\\\\build\\\\default\\\\intermediates\\\\loader_out\\\\default\\\\ets\",\"_valueType\":\"string\"}"},{"dataType":"ValueEntry","value":"{\"_name\":\"BUILTIN_TASK_TOOLCHAIN\",\"_value\":\"C:\\\\Users\\\\amy\\\\AppData\\\\Local\\\\Huawei\\\\Sdk\\\\openharmony\\\\9\\\\toolchains\\\\lib\\\\app_packing_tool.jar\",\"_valueType\":\"string\"}"},{"dataType":"ValueEntry","value":"{\"_name\":\"BUILTIN_TASK_ENV\",\"_value\":\"\",\"_valueType\":\"string\"}"}],"_successful":true,"_projectName":"MyApplication","_moduleName":"entry","_taskName":"default@PackageHap","_key":":MyApplication:entry:default@PackageHap","_executionId":":MyApplication:entry:default@PackageHap:1704718250841","_inputFiles":{"dataType":"Map","value":[["C:\\Users\\amy\\projects\\MyApplication\\entry\\build\\default\\intermediates\\libs\\default",{"isDirectory":false,"fileSnapShotHashValue":""}],["C:\\Users\\amy\\projects\\MyApplication\\entry\\build\\default\\intermediates\\res\\default\\module.json",{"isDirectory":false,"fileSnapShotHashValue":"16f121a44b54d5f51e5acdb908cd3940"}],["C:\\Users\\amy\\projects\\MyApplication\\entry\\build\\default\\intermediates\\res\\default\\resources",{"isDirectory":false,"fileSnapShotHashValue":"75272cfcba8795be8618a6efe90e24fe"}],["C:\\Users\\amy\\projects\\MyApplication\\entry\\build\\default\\intermediates\\res\\default\\resources.index",{"isDirectory":false,"fileSnapShotHashValue":"325de1fb430561cd8f0cd08330f8e480"}],["C:\\Users\\amy\\projects\\MyApplication\\entry\\build\\default\\outputs\\default\\pack.info",{"isDirectory":false,"fileSnapShotHashValue":"c7573c0d806ccf40c1a496240f588c0e"}],["C:\\Users\\amy\\projects\\MyApplication\\entry\\build\\default\\intermediates\\loader_out\\default\\ets",{"isDirectory":false,"fileSnapShotHashValue":"86959d1538992e16994c300050c82280"}]]},"_outputFiles":{"dataType":"Map","value":[["C:\\Users\\amy\\projects\\MyApplication\\entry\\build\\default\\outputs\\default\\entry-default-unsigned.hap",{"isDirectory":false,"fileSnapShotHashValue":"29fb882becf484a8c2ecefd196b04243"}]]}},":MyApplication:entry:default@SignHap":{"_inputs":[{"dataType":"ValueEntry","value":"{\"_name\":\"sdkToolchainsComponentVersion\",\"_value\":\"3.2.12.5\",\"_valueType\":\"string\"}"},{"dataType":"ValueEntry","value":"{\"_name\":\"existSigningConfig\",\"_value\":false,\"_valueType\":\"boolean\"}"},{"dataType":"ValueEntry","value":"{\"_name\":\"BUILTIN_TASK_COMMAND\",\"_value\":\"\",\"_valueType\":\"string\"}"},{"dataType":"ValueEntry","value":"{\"_name\":\"BUILTIN_TASK_TOOLCHAIN\",\"_value\":\"\",\"_valueType\":\"string\"}"},{"dataType":"ValueEntry","value":"{\"_name\":\"BUILTIN_TASK_ENV\",\"_value\":\"\",\"_valueType\":\"string\"}"}],"_successful":true,"_projectName":"MyApplication","_moduleName":"entry","_taskName":"default@SignHap","_key":":MyApplication:entry:default@SignHap","_executionId":":MyApplication:entry:default@SignHap:1704718251714","_inputFiles":{"dataType":"Map","value":[["C:\\Users\\amy\\projects\\MyApplication\\entry\\build\\default\\outputs\\default\\entry-default-unsigned.hap",{"isDirectory":false,"fileSnapShotHashValue":"29fb882becf484a8c2ecefd196b04243"}]]},"_outputFiles":{"dataType":"Map","value":[["C:\\Users\\amy\\projects\\MyApplication\\entry\\build\\default\\outputs\\default\\entry-default-signed.hap",{"isDirectory":false,"fileSnapShotHashValue":""}]]}}}