{
  "string": [
    {
      "name": "module_desc",
      "value": "description"
    },
    {
      "name": "EntryAbility_desc",
      "value": "description"
    },
    {
      "name": "EntryAbility_label",
      "value": "newsData"
    },
    {
      "name": "pull_up_load_text",
      "value": "加载中..."
    },
    {
      "name": "pull_down_refresh_text",
      "value": "下拉刷新"
    },
    {
      "name": "release_refresh_text",
      "value": "松开刷新"
    },
    {
      "name": "refreshing_text",
      "value": "正在刷新"
    },
    {
      "name": "refresh_success_text",
      "value": "刷新成功"
    },
    {
      "name": "refresh_fail_text",
      "value": "刷新失败"
    },
    {
      "name": "http_error_message",
      "value": "网络请求失败，请稍后尝试！"
    },
    {
      "name": "page_none_msg",
      "value": "网络加载失败"
    },
    {
      "name": "prompt_message",
      "value": "没有更多数据了"
    },
    {
      "name": "dependency_reason",
      "value": "用于发起网络数据请求"
    }
  ]
}