{"/Users/changwei/DevEcoStudioProjects/wechatdemo/AppScope/app.json5":{"hashValue":"0b06e44598853d3b81ec871594e5e725","name":"app.json5","path":"/Users/changwei/DevEcoStudioProjects/wechatdemo/AppScope/app.json5","type":"file","isSymbolicLink":false,"fileMetaData":{"size":207,"lastModifiedTime":1701914320566}},"/Users/changwei/DevEcoStudioProjects/wechatdemo/entry/src/main/module.json5":{"hashValue":"346ed7956c703eced774f795d722aed4","name":"module.json5","path":"/Users/changwei/DevEcoStudioProjects/wechatdemo/entry/src/main/module.json5","type":"file","isSymbolicLink":false,"fileMetaData":{"size":1061,"lastModifiedTime":1702000021427}},"/Users/changwei/DevEcoStudioProjects/wechatdemo/entry/.preview/default/intermediates/merge_profile/default/module.json":{"hashValue":"0244cc36df4fed987ef75ee95378a3f3","name":"module.json","path":"/Users/changwei/DevEcoStudioProjects/wechatdemo/entry/.preview/default/intermediates/merge_profile/default/module.json","type":"file","isSymbolicLink":false,"fileMetaData":{"size":1198,"lastModifiedTime":1702268983076}},"/Users/changwei/DevEcoStudioProjects/wechatdemo/entry/.preview/default/intermediates/loader/default/loader.json":{"hashValue":"010f39231073aaf15fb7dfb5d469399f","name":"loader.json","path":"/Users/changwei/DevEcoStudioProjects/wechatdemo/entry/.preview/default/intermediates/loader/default/loader.json","type":"file","isSymbolicLink":false,"fileMetaData":{"size":382,"lastModifiedTime":1702268983082}},"/Users/changwei/DevEcoStudioProjects/wechatdemo/entry/.preview/default/intermediates/process_profile/default/module.json":{"hashValue":"4e873fe8abf38c62193f1f036b6cf770","name":"module.json","path":"/Users/changwei/DevEcoStudioProjects/wechatdemo/entry/.preview/default/intermediates/process_profile/default/module.json","type":"file","isSymbolicLink":false,"fileMetaData":{"size":1283,"lastModifiedTime":1702268983117}},"/Users/changwei/DevEcoStudioProjects/wechatdemo/entry/src/main/resources":{"hashValue":"816f4f70f6cd6d52eaeb159e470cb6cd","name":"resources","path":"/Users/changwei/DevEcoStudioProjects/wechatdemo/entry/src/main/resources","type":"directory","isSymbolicLink":false,"children":[{"hashValue":"843cac5622bd987d058413c7ae0e5c86","name":".DS_Store","path":"/Users/changwei/DevEcoStudioProjects/wechatdemo/entry/src/main/resources/.DS_Store","type":"file","isSymbolicLink":false,"fileMetaData":{"size":6148,"lastModifiedTime":1702080930925}},{"hashValue":"6c6a154680d7095f6a450e8b3953b1a7","name":"base","path":"/Users/changwei/DevEcoStudioProjects/wechatdemo/entry/src/main/resources/base","type":"directory","isSymbolicLink":false,"children":[{"hashValue":"78afe931af6aeb7602a5895e4a980b18","name":".DS_Store","path":"/Users/changwei/DevEcoStudioProjects/wechatdemo/entry/src/main/resources/base/.DS_Store","type":"file","isSymbolicLink":false,"fileMetaData":{"size":6148,"lastModifiedTime":1702262452646}},{"hashValue":"53b36c961342940968436d0574b2a13f","name":"element","path":"/Users/changwei/DevEcoStudioProjects/wechatdemo/entry/src/main/resources/base/element","type":"directory","isSymbolicLink":false,"children":[{"hashValue":"0e32c9915f17805844681dd78d6dd458","name":"color.json","path":"/Users/changwei/DevEcoStudioProjects/wechatdemo/entry/src/main/resources/base/element/color.json","type":"file","isSymbolicLink":false,"fileMetaData":{"size":98,"lastModifiedTime":1701914319951}},{"hashValue":"8baceea62b5e6c16fa61fe149be8d30f","name":"string.json","path":"/Users/changwei/DevEcoStudioProjects/wechatdemo/entry/src/main/resources/base/element/string.json","type":"file","isSymbolicLink":false,"fileMetaData":{"size":247,"lastModifiedTime":1701914320643}}]},{"hashValue":"9e7edd0982cf8b315c7864632ecbee64","name":"media","path":"/Users/changwei/DevEcoStudioProjects/wechatdemo/entry/src/main/resources/base/media","type":"directory","isSymbolicLink":false,"children":[{"hashValue":"142de3b560a0addcadfe905ba42229f4","name":".DS_Store","path":"/Users/changwei/DevEcoStudioProjects/wechatdemo/entry/src/main/resources/base/media/.DS_Store","type":"file","isSymbolicLink":false,"fileMetaData":{"size":6148,"lastModifiedTime":1702262457657}},{"hashValue":"3d6ee8a8ec985e5a9ef187d53493558a","name":"arrow_right.png","path":"/Users/changwei/DevEcoStudioProjects/wechatdemo/entry/src/main/resources/base/media/arrow_right.png","type":"file","isSymbolicLink":false,"fileMetaData":{"size":5012,"lastModifiedTime":1702080851620}},{"hashValue":"f85d7bd1ab5c3fde7c21c4ed232a03d2","name":"discover_0.png","path":"/Users/changwei/DevEcoStudioProjects/wechatdemo/entry/src/main/resources/base/media/discover_0.png","type":"file","isSymbolicLink":false,"fileMetaData":{"size":28077,"lastModifiedTime":1702128033023}},{"hashValue":"f5c67ed21f4583b47395777f5ed21a03","name":"discover_1.png","path":"/Users/changwei/DevEcoStudioProjects/wechatdemo/entry/src/main/resources/base/media/discover_1.png","type":"file","isSymbolicLink":false,"fileMetaData":{"size":15078,"lastModifiedTime":1702128019776}},{"hashValue":"05bc83af74e1bbb731058ea2d170ffba","name":"discover_2.png","path":"/Users/changwei/DevEcoStudioProjects/wechatdemo/entry/src/main/resources/base/media/discover_2.png","type":"file","isSymbolicLink":false,"fileMetaData":{"size":2970,"lastModifiedTime":1702128055168}},{"hashValue":"55d3174fd2ac41b9181def70f941dc6c","name":"discover_3.png","path":"/Users/changwei/DevEcoStudioProjects/wechatdemo/entry/src/main/resources/base/media/discover_3.png","type":"file","isSymbolicLink":false,"fileMetaData":{"size":3815,"lastModifiedTime":1702128066698}},{"hashValue":"0664aa385c49803c62103fde5b239a96","name":"discover_4.png","path":"/Users/changwei/DevEcoStudioProjects/wechatdemo/entry/src/main/resources/base/media/discover_4.png","type":"file","isSymbolicLink":false,"fileMetaData":{"size":8016,"lastModifiedTime":1702128083351}},{"hashValue":"28c666a41dadadcc70b377cde5ea296e","name":"discover_5.png","path":"/Users/changwei/DevEcoStudioProjects/wechatdemo/entry/src/main/resources/base/media/discover_5.png","type":"file","isSymbolicLink":false,"fileMetaData":{"size":16372,"lastModifiedTime":1702128092004}},{"hashValue":"b3dc9129f4af1c8a839b90ceb0833498","name":"icon.png","path":"/Users/changwei/DevEcoStudioProjects/wechatdemo/entry/src/main/resources/base/media/icon.png","type":"file","isSymbolicLink":false,"fileMetaData":{"size":6790,"lastModifiedTime":1701914319953}},{"hashValue":"87ff243f1ce2a84225045249433367b2","name":"info_logo.png","path":"/Users/changwei/DevEcoStudioProjects/wechatdemo/entry/src/main/resources/base/media/info_logo.png","type":"file","isSymbolicLink":false,"fileMetaData":{"size":5700,"lastModifiedTime":1702080917963}},{"hashValue":"403064998b57d1b818fe3d6739d09bdc","name":"my_card.png","path":"/Users/changwei/DevEcoStudioProjects/wechatdemo/entry/src/main/resources/base/media/my_card.png","type":"file","isSymbolicLink":false,"fileMetaData":{"size":2125,"lastModifiedTime":1702128892881}},{"hashValue":"6f5dfaa3e4ae1ab88b71e8a1391e94f8","name":"my_collect.png","path":"/Users/changwei/DevEcoStudioProjects/wechatdemo/entry/src/main/resources/base/media/my_collect.png","type":"file","isSymbolicLink":false,"fileMetaData":{"size":10921,"lastModifiedTime":1702128666167}},{"hashValue":"c7e6b8c09d71375510bea62b09ee5e36","name":"my_emoj.png","path":"/Users/changwei/DevEcoStudioProjects/wechatdemo/entry/src/main/resources/base/media/my_emoj.png","type":"file","isSymbolicLink":false,"fileMetaData":{"size":16809,"lastModifiedTime":1702128724645}},{"hashValue":"b53156859b6b164c7bb9f9a54888959d","name":"my_moment.png","path":"/Users/changwei/DevEcoStudioProjects/wechatdemo/entry/src/main/resources/base/media/my_moment.png","type":"file","isSymbolicLink":false,"fileMetaData":{"size":16372,"lastModifiedTime":1702128697513}},{"hashValue":"8e88fc7dba37b942cb278ddfffbba1ce","name":"my_service.png","path":"/Users/changwei/DevEcoStudioProjects/wechatdemo/entry/src/main/resources/base/media/my_service.png","type":"file","isSymbolicLink":false,"fileMetaData":{"size":1822,"lastModifiedTime":1702128650812}},{"hashValue":"2b477e719adcb152020a6123687d153b","name":"my_set.png","path":"/Users/changwei/DevEcoStudioProjects/wechatdemo/entry/src/main/resources/base/media/my_set.png","type":"file","isSymbolicLink":false,"fileMetaData":{"size":6293,"lastModifiedTime":1702128712403}},{"hashValue":"591ef135087f75148e06c24e97986c65","name":"person_message.png","path":"/Users/changwei/DevEcoStudioProjects/wechatdemo/entry/src/main/resources/base/media/person_message.png","type":"file","isSymbolicLink":false,"fileMetaData":{"size":6034,"lastModifiedTime":1702082450506}},{"hashValue":"a8ab6c3dd8d2e707f2e2e6a0efb70d56","name":"person_video.png","path":"/Users/changwei/DevEcoStudioProjects/wechatdemo/entry/src/main/resources/base/media/person_video.png","type":"file","isSymbolicLink":false,"fileMetaData":{"size":5425,"lastModifiedTime":1702082516686}}]},{"hashValue":"226f5e68b5cbbde44bfb6a0447f3418b","name":"profile","path":"/Users/changwei/DevEcoStudioProjects/wechatdemo/entry/src/main/resources/base/profile","type":"directory","isSymbolicLink":false,"children":[{"hashValue":"0989e527ca5d602a2865e46ca7fae1cc","name":"main_pages.json","path":"/Users/changwei/DevEcoStudioProjects/wechatdemo/entry/src/main/resources/base/profile/main_pages.json","type":"file","isSymbolicLink":false,"fileMetaData":{"size":196,"lastModifiedTime":1702264117054}}]}]},{"hashValue":"e8086277143a805e601200619603b417","name":"en_US","path":"/Users/changwei/DevEcoStudioProjects/wechatdemo/entry/src/main/resources/en_US","type":"directory","isSymbolicLink":false,"children":[{"hashValue":"038ffcc02f8671d5c55e7b846884c0c3","name":"element","path":"/Users/changwei/DevEcoStudioProjects/wechatdemo/entry/src/main/resources/en_US/element","type":"directory","isSymbolicLink":false,"children":[{"hashValue":"b72a7dd99df6a87f3095c19f37da9509","name":"string.json","path":"/Users/changwei/DevEcoStudioProjects/wechatdemo/entry/src/main/resources/en_US/element/string.json","type":"file","isSymbolicLink":false,"fileMetaData":{"size":247,"lastModifiedTime":1701914320641}}]}]},{"hashValue":"","name":"rawfile","path":"/Users/changwei/DevEcoStudioProjects/wechatdemo/entry/src/main/resources/rawfile","type":"directory","isSymbolicLink":false,"children":[]},{"hashValue":"7037421c6d32bed0e847bea189db117a","name":"zh_CN","path":"/Users/changwei/DevEcoStudioProjects/wechatdemo/entry/src/main/resources/zh_CN","type":"directory","isSymbolicLink":false,"children":[{"hashValue":"c9a88f9f29a57a75cbb13acacf4753f5","name":"element","path":"/Users/changwei/DevEcoStudioProjects/wechatdemo/entry/src/main/resources/zh_CN/element","type":"directory","isSymbolicLink":false,"children":[{"hashValue":"e152db4dfa419ad7336c695c492980ea","name":"string.json","path":"/Users/changwei/DevEcoStudioProjects/wechatdemo/entry/src/main/resources/zh_CN/element/string.json","type":"file","isSymbolicLink":false,"fileMetaData":{"size":241,"lastModifiedTime":1701914320648}}]}]}]},"/Users/changwei/DevEcoStudioProjects/wechatdemo/AppScope/resources":{"hashValue":"fc2f592e93ccc7aceb56657c68d4536d","name":"resources","path":"/Users/changwei/DevEcoStudioProjects/wechatdemo/AppScope/resources","type":"directory","isSymbolicLink":false,"children":[{"hashValue":"8e31e49bbeb4f9966a2df8f9cea9a863","name":"base","path":"/Users/changwei/DevEcoStudioProjects/wechatdemo/AppScope/resources/base","type":"directory","isSymbolicLink":false,"children":[{"hashValue":"ae58a02532cd131dcd5800e098cd5fa3","name":"element","path":"/Users/changwei/DevEcoStudioProjects/wechatdemo/AppScope/resources/base/element","type":"directory","isSymbolicLink":false,"children":[{"hashValue":"0f9465cc7ec5ac203747458855b44047","name":"string.json","path":"/Users/changwei/DevEcoStudioProjects/wechatdemo/AppScope/resources/base/element/string.json","type":"file","isSymbolicLink":false,"fileMetaData":{"size":88,"lastModifiedTime":1701914319825}}]},{"hashValue":"42d100142903c3f83058ccfb776a4e22","name":"media","path":"/Users/changwei/DevEcoStudioProjects/wechatdemo/AppScope/resources/base/media","type":"directory","isSymbolicLink":false,"children":[{"hashValue":"e4dace64bba83434192d9ede07da6795","name":"app_icon.png","path":"/Users/changwei/DevEcoStudioProjects/wechatdemo/AppScope/resources/base/media/app_icon.png","type":"file","isSymbolicLink":false,"fileMetaData":{"size":6790,"lastModifiedTime":1701914319822}}]}]}]},"/Users/changwei/DevEcoStudioProjects/wechatdemo/entry/.preview/default/intermediates/res/default":{"hashValue":"015ed9cbf04f64cdf9bb42759efa3983","name":"default","path":"/Users/changwei/DevEcoStudioProjects/wechatdemo/entry/.preview/default/intermediates/res/default","type":"directory","isSymbolicLink":false,"children":[{"hashValue":"ba82c4a8f4303d403c0df3b3e5d0091e","name":"app_compiled","path":"/Users/changwei/DevEcoStudioProjects/wechatdemo/entry/.preview/default/intermediates/res/default/app_compiled","type":"directory","isSymbolicLink":false,"children":[{"hashValue":"22f8bcb18a4abc1bfeb3d49caf632733","name":"13054500314141631954","path":"/Users/changwei/DevEcoStudioProjects/wechatdemo/entry/.preview/default/intermediates/res/default/app_compiled/13054500314141631954","type":"file","isSymbolicLink":false,"fileMetaData":{"size":220,"lastModifiedTime":1702275698556}},{"hashValue":"16cbcc93544e79c58aba17bdd989b315","name":"8001755377797511549","path":"/Users/changwei/DevEcoStudioProjects/wechatdemo/entry/.preview/default/intermediates/res/default/app_compiled/8001755377797511549","type":"file","isSymbolicLink":false,"fileMetaData":{"size":137,"lastModifiedTime":1702275698556}}]},{"hashValue":"5e37ee4dfdf1ee93a5f09715c638909f","name":"module_compiled","path":"/Users/changwei/DevEcoStudioProjects/wechatdemo/entry/.preview/default/intermediates/res/default/module_compiled","type":"directory","isSymbolicLink":false,"children":[{"hashValue":"a7bfc9f0420a3c4ebc784ce97c79ff5e","name":"10491916960037144262","path":"/Users/changwei/DevEcoStudioProjects/wechatdemo/entry/.preview/default/intermediates/res/default/module_compiled/10491916960037144262","type":"file","isSymbolicLink":false,"fileMetaData":{"size":503,"lastModifiedTime":1702275698562}},{"hashValue":"b76f97fa5a2eed5695183851b6d348e4","name":"12077269557009268605","path":"/Users/changwei/DevEcoStudioProjects/wechatdemo/entry/.preview/default/intermediates/res/default/module_compiled/12077269557009268605","type":"file","isSymbolicLink":false,"fileMetaData":{"size":220,"lastModifiedTime":1702275698563}},{"hashValue":"242f2b074338cd4f20809b3845d07c88","name":"1275080441765355007","path":"/Users/changwei/DevEcoStudioProjects/wechatdemo/entry/.preview/default/intermediates/res/default/module_compiled/1275080441765355007","type":"file","isSymbolicLink":false,"fileMetaData":{"size":229,"lastModifiedTime":1702275698562}},{"hashValue":"60bf68140161daad02fc33fae4023bce","name":"12999306019896735689","path":"/Users/changwei/DevEcoStudioProjects/wechatdemo/entry/.preview/default/intermediates/res/default/module_compiled/12999306019896735689","type":"file","isSymbolicLink":false,"fileMetaData":{"size":226,"lastModifiedTime":1702275698563}},{"hashValue":"6a377647bb5c5b24a2508453f9c85f80","name":"14376268561129723998","path":"/Users/changwei/DevEcoStudioProjects/wechatdemo/entry/.preview/default/intermediates/res/default/module_compiled/14376268561129723998","type":"file","isSymbolicLink":false,"fileMetaData":{"size":235,"lastModifiedTime":1702275698563}},{"hashValue":"55dc4839857305a2080cfe602309a43c","name":"14963643480387900225","path":"/Users/changwei/DevEcoStudioProjects/wechatdemo/entry/.preview/default/intermediates/res/default/module_compiled/14963643480387900225","type":"file","isSymbolicLink":false,"fileMetaData":{"size":455,"lastModifiedTime":1702275698562}},{"hashValue":"7faab5c241ad20c9ae622d8c94cfd5f0","name":"15385062065690015253","path":"/Users/changwei/DevEcoStudioProjects/wechatdemo/entry/.preview/default/intermediates/res/default/module_compiled/15385062065690015253","type":"file","isSymbolicLink":false,"fileMetaData":{"size":238,"lastModifiedTime":1702275698563}},{"hashValue":"3efded91148a1e42d18bcefba14cc7a4","name":"16218218699735038012","path":"/Users/changwei/DevEcoStudioProjects/wechatdemo/entry/.preview/default/intermediates/res/default/module_compiled/16218218699735038012","type":"file","isSymbolicLink":false,"fileMetaData":{"size":245,"lastModifiedTime":1702275698562}},{"hashValue":"cacacf364d23133199058b28e4d5b09f","name":"17353425399466628383","path":"/Users/changwei/DevEcoStudioProjects/wechatdemo/entry/.preview/default/intermediates/res/default/module_compiled/17353425399466628383","type":"file","isSymbolicLink":false,"fileMetaData":{"size":509,"lastModifiedTime":1702275698561}},{"hashValue":"3c5d31b9ee48f63640fe6e4d991a0111","name":"2083380298863324962","path":"/Users/changwei/DevEcoStudioProjects/wechatdemo/entry/.preview/default/intermediates/res/default/module_compiled/2083380298863324962","type":"file","isSymbolicLink":false,"fileMetaData":{"size":238,"lastModifiedTime":1702275698563}},{"hashValue":"e2ea041cd4b52a296b0b61e4d5e21017","name":"2468138544289407680","path":"/Users/changwei/DevEcoStudioProjects/wechatdemo/entry/.preview/default/intermediates/res/default/module_compiled/2468138544289407680","type":"file","isSymbolicLink":false,"fileMetaData":{"size":250,"lastModifiedTime":1702275698562}},{"hashValue":"6b9b76339487f7532f2d01a433b8126f","name":"308705103469556344","path":"/Users/changwei/DevEcoStudioProjects/wechatdemo/entry/.preview/default/intermediates/res/default/module_compiled/308705103469556344","type":"file","isSymbolicLink":false,"fileMetaData":{"size":244,"lastModifiedTime":1702275698563}},{"hashValue":"3692935c67a3e71eba68b1ffa1655103","name":"3340168693576642268","path":"/Users/changwei/DevEcoStudioProjects/wechatdemo/entry/.preview/default/intermediates/res/default/module_compiled/3340168693576642268","type":"file","isSymbolicLink":false,"fileMetaData":{"size":235,"lastModifiedTime":1702275698563}},{"hashValue":"18e0364f56a50c694a38052a7c966315","name":"4755756406676978739","path":"/Users/changwei/DevEcoStudioProjects/wechatdemo/entry/.preview/default/intermediates/res/default/module_compiled/4755756406676978739","type":"file","isSymbolicLink":false,"fileMetaData":{"size":238,"lastModifiedTime":1702275698563}},{"hashValue":"3c9d846b35068b88b796690b4bc18a87","name":"5541899196437912759","path":"/Users/changwei/DevEcoStudioProjects/wechatdemo/entry/.preview/default/intermediates/res/default/module_compiled/5541899196437912759","type":"file","isSymbolicLink":false,"fileMetaData":{"size":238,"lastModifiedTime":1702275698563}},{"hashValue":"0c87b834393014ef9181198afeeda69c","name":"6373745801469484970","path":"/Users/changwei/DevEcoStudioProjects/wechatdemo/entry/.preview/default/intermediates/res/default/module_compiled/6373745801469484970","type":"file","isSymbolicLink":false,"fileMetaData":{"size":229,"lastModifiedTime":1702275698563}},{"hashValue":"c99e061efd75ffe4fd26d8196cc608e1","name":"689372860938656125","path":"/Users/changwei/DevEcoStudioProjects/wechatdemo/entry/.preview/default/intermediates/res/default/module_compiled/689372860938656125","type":"file","isSymbolicLink":false,"fileMetaData":{"size":238,"lastModifiedTime":1702275698563}},{"hashValue":"f3017a77ecf08b8f6829438b5ee5d47d","name":"6957623239957763333","path":"/Users/changwei/DevEcoStudioProjects/wechatdemo/entry/.preview/default/intermediates/res/default/module_compiled/6957623239957763333","type":"file","isSymbolicLink":false,"fileMetaData":{"size":241,"lastModifiedTime":1702275698563}},{"hashValue":"2a86c8d6a8dd7e4001853ca4a8395909","name":"7098522285851503224","path":"/Users/changwei/DevEcoStudioProjects/wechatdemo/entry/.preview/default/intermediates/res/default/module_compiled/7098522285851503224","type":"file","isSymbolicLink":false,"fileMetaData":{"size":238,"lastModifiedTime":1702275698563}},{"hashValue":"55d082724ea97e62087a2a44f7413839","name":"7511104487349589179","path":"/Users/changwei/DevEcoStudioProjects/wechatdemo/entry/.preview/default/intermediates/res/default/module_compiled/7511104487349589179","type":"file","isSymbolicLink":false,"fileMetaData":{"size":238,"lastModifiedTime":1702275698563}},{"hashValue":"152fc36ba90719c13049c847ae394284","name":"8817641267079786481","path":"/Users/changwei/DevEcoStudioProjects/wechatdemo/entry/.preview/default/intermediates/res/default/module_compiled/8817641267079786481","type":"file","isSymbolicLink":false,"fileMetaData":{"size":154,"lastModifiedTime":1702275698562}},{"hashValue":"5ed15b99ab58e201c0a6e69f18e5b4d6","name":"9349606890352684500","path":"/Users/changwei/DevEcoStudioProjects/wechatdemo/entry/.preview/default/intermediates/res/default/module_compiled/9349606890352684500","type":"file","isSymbolicLink":false,"fileMetaData":{"size":238,"lastModifiedTime":1702275698562}}]},{"hashValue":"8c2b020ebf867b46581d238e5333ddc6","name":"module.json","path":"/Users/changwei/DevEcoStudioProjects/wechatdemo/entry/.preview/default/intermediates/res/default/module.json","type":"file","isSymbolicLink":false,"fileMetaData":{"size":2268,"lastModifiedTime":1702275698574}},{"hashValue":"cdb2bab2ace9e8416ae5a582f72cc1ca","name":"resources","path":"/Users/changwei/DevEcoStudioProjects/wechatdemo/entry/.preview/default/intermediates/res/default/resources","type":"directory","isSymbolicLink":false,"children":[{"hashValue":"861a39e5f1d0eeb111cf92e87203c556","name":"base","path":"/Users/changwei/DevEcoStudioProjects/wechatdemo/entry/.preview/default/intermediates/res/default/resources/base","type":"directory","isSymbolicLink":false,"children":[{"hashValue":"72f5b144f1fbd8ad940ec0e3ac4f1486","name":"profile","path":"/Users/changwei/DevEcoStudioProjects/wechatdemo/entry/.preview/default/intermediates/res/default/resources/base/profile","type":"directory","isSymbolicLink":false,"children":[{"hashValue":"619cd031e0439c34ce6f3a797cfa46e3","name":"main_pages.json","path":"/Users/changwei/DevEcoStudioProjects/wechatdemo/entry/.preview/default/intermediates/res/default/resources/base/profile/main_pages.json","type":"file","isSymbolicLink":false,"fileMetaData":{"size":153,"lastModifiedTime":1702275700547}}]}]}]},{"hashValue":"59923fe3bfe3519acf267ff2071f87ab","name":"resources.index","path":"/Users/changwei/DevEcoStudioProjects/wechatdemo/entry/.preview/default/intermediates/res/default/resources.index","type":"file","isSymbolicLink":false,"fileMetaData":{"size":3313,"lastModifiedTime":1702275698574}},{"hashValue":"dd4115fa1d282f28158dd770a2146306","name":"ResourceTable.txt","path":"/Users/changwei/DevEcoStudioProjects/wechatdemo/entry/.preview/default/intermediates/res/default/ResourceTable.txt","type":"file","isSymbolicLink":false,"fileMetaData":{"size":691,"lastModifiedTime":1702275698575}}]},"/Users/changwei/DevEcoStudioProjects/wechatdemo/entry/.preview/default/generated/r/default/ResourceTable.h":{"hashValue":"88c1ca63631c09154f8963a2eb119abf","name":"ResourceTable.h","path":"/Users/changwei/DevEcoStudioProjects/wechatdemo/entry/.preview/default/generated/r/default/ResourceTable.h","type":"file","isSymbolicLink":false,"fileMetaData":{"size":1805,"lastModifiedTime":1702275698574}},"/Users/changwei/DevEcoStudioProjects/wechatdemo/entry/.preview/default/generated/r/default":{"hashValue":"6ea73fb4e7674db6fd6129fe722f711c","name":"default","path":"/Users/changwei/DevEcoStudioProjects/wechatdemo/entry/.preview/default/generated/r/default","type":"directory","isSymbolicLink":false,"children":[{"hashValue":"88c1ca63631c09154f8963a2eb119abf","name":"ResourceTable.h","path":"/Users/changwei/DevEcoStudioProjects/wechatdemo/entry/.preview/default/generated/r/default/ResourceTable.h","type":"file","isSymbolicLink":false,"fileMetaData":{"size":1805,"lastModifiedTime":1702275698574}}]},"/Users/changwei/DevEcoStudioProjects/wechatdemo/entry/.preview/config/buildConfig.json":{"hashValue":"3fcad5997811fde51fe5530b9d0978f5","name":"buildConfig.json","path":"/Users/changwei/DevEcoStudioProjects/wechatdemo/entry/.preview/config/buildConfig.json","type":"file","isSymbolicLink":false,"fileMetaData":{"size":1965,"lastModifiedTime":1702275698441}},"/Users/changwei/DevEcoStudioProjects/wechatdemo/entry/.preview/default/intermediates/res/default/module.json":{"hashValue":"8c2b020ebf867b46581d238e5333ddc6","name":"module.json","path":"/Users/changwei/DevEcoStudioProjects/wechatdemo/entry/.preview/default/intermediates/res/default/module.json","type":"file","isSymbolicLink":false,"fileMetaData":{"size":2268,"lastModifiedTime":1702275698574}},"/Users/changwei/DevEcoStudioProjects/wechatdemo/entry/.preview/default/intermediates/res/default/resources/base/profile/main_pages.json":{"hashValue":"619cd031e0439c34ce6f3a797cfa46e3","name":"main_pages.json","path":"/Users/changwei/DevEcoStudioProjects/wechatdemo/entry/.preview/default/intermediates/res/default/resources/base/profile/main_pages.json","type":"file","isSymbolicLink":false,"fileMetaData":{"size":153,"lastModifiedTime":1702275700547}},"/Users/changwei/DevEcoStudioProjects/wechatdemo/entry/.preview/default/intermediates/loader/default":{"hashValue":"12edc6ee300dfbf4ba00dc7f9776a3cd","name":"default","path":"/Users/changwei/DevEcoStudioProjects/wechatdemo/entry/.preview/default/intermediates/loader/default","type":"directory","isSymbolicLink":false,"children":[{"hashValue":"010f39231073aaf15fb7dfb5d469399f","name":"loader.json","path":"/Users/changwei/DevEcoStudioProjects/wechatdemo/entry/.preview/default/intermediates/loader/default/loader.json","type":"file","isSymbolicLink":false,"fileMetaData":{"size":382,"lastModifiedTime":1702268983082}}]},"/Users/changwei/DevEcoStudioProjects/wechatdemo/entry/.preview/default/intermediates/res/default/ResourceTable.txt":{"hashValue":"dd4115fa1d282f28158dd770a2146306","name":"ResourceTable.txt","path":"/Users/changwei/DevEcoStudioProjects/wechatdemo/entry/.preview/default/intermediates/res/default/ResourceTable.txt","type":"file","isSymbolicLink":false,"fileMetaData":{"size":691,"lastModifiedTime":1702275698575}},"/Users/changwei/DevEcoStudioProjects/wechatdemo/entry/.preview/default/intermediates/res/default/resources/base/profile":{"hashValue":"72f5b144f1fbd8ad940ec0e3ac4f1486","name":"profile","path":"/Users/changwei/DevEcoStudioProjects/wechatdemo/entry/.preview/default/intermediates/res/default/resources/base/profile","type":"directory","isSymbolicLink":false,"children":[{"hashValue":"619cd031e0439c34ce6f3a797cfa46e3","name":"main_pages.json","path":"/Users/changwei/DevEcoStudioProjects/wechatdemo/entry/.preview/default/intermediates/res/default/resources/base/profile/main_pages.json","type":"file","isSymbolicLink":false,"fileMetaData":{"size":153,"lastModifiedTime":1702275700547}}]},"/Users/changwei/DevEcoStudioProjects/wechatdemo/entry/src/main/ets":{"hashValue":"135dc31836ce27e2c94ff4095598a99f","name":"ets","path":"/Users/changwei/DevEcoStudioProjects/wechatdemo/entry/src/main/ets","type":"directory","isSymbolicLink":false,"children":[{"hashValue":"e8e40288885704e4e0fac08c12d71ae4","name":".DS_Store","path":"/Users/changwei/DevEcoStudioProjects/wechatdemo/entry/src/main/ets/.DS_Store","type":"file","isSymbolicLink":false,"fileMetaData":{"size":6148,"lastModifiedTime":1702262437631}},{"hashValue":"1f259f0cc1486569808e5752c0c1fef6","name":"entryability","path":"/Users/changwei/DevEcoStudioProjects/wechatdemo/entry/src/main/ets/entryability","type":"directory","isSymbolicLink":false,"children":[{"hashValue":"642d8dc56d87ba9b582c62329a925e4c","name":"EntryAbility.ts","path":"/Users/changwei/DevEcoStudioProjects/wechatdemo/entry/src/main/ets/entryability/EntryAbility.ts","type":"file","isSymbolicLink":false,"fileMetaData":{"size":1376,"lastModifiedTime":1701914320635}}]},{"hashValue":"36b186534bb1876ddc53a2d53863f6f5","name":"images","path":"/Users/changwei/DevEcoStudioProjects/wechatdemo/entry/src/main/ets/images","type":"directory","isSymbolicLink":false,"children":[{"hashValue":"c7481bd87f25ad55ad4184c733cc3259","name":".DS_Store","path":"/Users/changwei/DevEcoStudioProjects/wechatdemo/entry/src/main/ets/images/.DS_Store","type":"file","isSymbolicLink":false,"fileMetaData":{"size":6148,"lastModifiedTime":1702262422690}},{"hashValue":"c4b1b500091329b977c96fe77ddb7e2c","name":"contact_0.png","path":"/Users/changwei/DevEcoStudioProjects/wechatdemo/entry/src/main/ets/images/contact_0.png","type":"file","isSymbolicLink":false,"fileMetaData":{"size":81013,"lastModifiedTime":1702127299532}},{"hashValue":"baf603f84f31613f7297f1162ff22e5f","name":"contact_1.png","path":"/Users/changwei/DevEcoStudioProjects/wechatdemo/entry/src/main/ets/images/contact_1.png","type":"file","isSymbolicLink":false,"fileMetaData":{"size":65239,"lastModifiedTime":1702127211190}},{"hashValue":"8c8604102bb7f38a0082311b8a917641","name":"contact_2.png","path":"/Users/changwei/DevEcoStudioProjects/wechatdemo/entry/src/main/ets/images/contact_2.png","type":"file","isSymbolicLink":false,"fileMetaData":{"size":86857,"lastModifiedTime":1702127089291}},{"hashValue":"116887408c3619c58853379961a7902c","name":"contact_3.png","path":"/Users/changwei/DevEcoStudioProjects/wechatdemo/entry/src/main/ets/images/contact_3.png","type":"file","isSymbolicLink":false,"fileMetaData":{"size":127154,"lastModifiedTime":1702127229510}},{"hashValue":"36ee2c043e7ad9282420f4bc27e0208d","name":"contact_4.png","path":"/Users/changwei/DevEcoStudioProjects/wechatdemo/entry/src/main/ets/images/contact_4.png","type":"file","isSymbolicLink":false,"fileMetaData":{"size":143372,"lastModifiedTime":1702127197512}},{"hashValue":"675421c1bb79e9b00da623bed11b0527","name":"contact_5.png","path":"/Users/changwei/DevEcoStudioProjects/wechatdemo/entry/src/main/ets/images/contact_5.png","type":"file","isSymbolicLink":false,"fileMetaData":{"size":111320,"lastModifiedTime":1702127375099}},{"hashValue":"ba24add50e048fd2b64169f436feae04","name":"contact_add.png","path":"/Users/changwei/DevEcoStudioProjects/wechatdemo/entry/src/main/ets/images/contact_add.png","type":"file","isSymbolicLink":false,"fileMetaData":{"size":6752,"lastModifiedTime":1702021974868}},{"hashValue":"4b7effab556f23d234eace77fbfc2ff7","name":"emoj.png","path":"/Users/changwei/DevEcoStudioProjects/wechatdemo/entry/src/main/ets/images/emoj.png","type":"file","isSymbolicLink":false,"fileMetaData":{"size":8033,"lastModifiedTime":1702001807394}},{"hashValue":"32fd46c7bf46be042ce44d975c4716ff","name":"icon1.png","path":"/Users/changwei/DevEcoStudioProjects/wechatdemo/entry/src/main/ets/images/icon1.png","type":"file","isSymbolicLink":false,"fileMetaData":{"size":126612,"lastModifiedTime":1701935467865}},{"hashValue":"6804dc3c5c30cc011d16ebc07a368e1a","name":"icon2.png","path":"/Users/changwei/DevEcoStudioProjects/wechatdemo/entry/src/main/ets/images/icon2.png","type":"file","isSymbolicLink":false,"fileMetaData":{"size":268365,"lastModifiedTime":1701935517098}},{"hashValue":"be65d67f85ef4b90723454a7b3a39637","name":"icon3.png","path":"/Users/changwei/DevEcoStudioProjects/wechatdemo/entry/src/main/ets/images/icon3.png","type":"file","isSymbolicLink":false,"fileMetaData":{"size":178091,"lastModifiedTime":1701935545558}},{"hashValue":"6a76925b2a37f57e167613410f271444","name":"menu_add.png","path":"/Users/changwei/DevEcoStudioProjects/wechatdemo/entry/src/main/ets/images/menu_add.png","type":"file","isSymbolicLink":false,"fileMetaData":{"size":5942,"lastModifiedTime":1702016108903}},{"hashValue":"29135651825d8b470d6ee0312e3dfe15","name":"menu_group.png","path":"/Users/changwei/DevEcoStudioProjects/wechatdemo/entry/src/main/ets/images/menu_group.png","type":"file","isSymbolicLink":false,"fileMetaData":{"size":5809,"lastModifiedTime":1702016039848}},{"hashValue":"46c2059dc06f68211d45fef9bb6177e3","name":"menu_purchase.png","path":"/Users/changwei/DevEcoStudioProjects/wechatdemo/entry/src/main/ets/images/menu_purchase.png","type":"file","isSymbolicLink":false,"fileMetaData":{"size":5900,"lastModifiedTime":1702016222987}},{"hashValue":"419510de9ef08fb0075b05d095e49627","name":"menu_scan.png","path":"/Users/changwei/DevEcoStudioProjects/wechatdemo/entry/src/main/ets/images/menu_scan.png","type":"file","isSymbolicLink":false,"fileMetaData":{"size":5957,"lastModifiedTime":1702016155841}},{"hashValue":"6d43e7bfee6a7b2c96e4f8d79a25d0f1","name":"more.png","path":"/Users/changwei/DevEcoStudioProjects/wechatdemo/entry/src/main/ets/images/more.png","type":"file","isSymbolicLink":false,"fileMetaData":{"size":7603,"lastModifiedTime":1702001876818}},{"hashValue":"ceb743f4f8a4280ff592653dbf4874ce","name":"voice.png","path":"/Users/changwei/DevEcoStudioProjects/wechatdemo/entry/src/main/ets/images/voice.png","type":"file","isSymbolicLink":false,"fileMetaData":{"size":8095,"lastModifiedTime":1702001605582}},{"hashValue":"d6397b6b2ccad2d8228845aed1d9691b","name":"we_add.png","path":"/Users/changwei/DevEcoStudioProjects/wechatdemo/entry/src/main/ets/images/we_add.png","type":"file","isSymbolicLink":false,"fileMetaData":{"size":6645,"lastModifiedTime":1701934776414}},{"hashValue":"a92cbc16575f8de4db9cd491aabadc6c","name":"wetab00.png","path":"/Users/changwei/DevEcoStudioProjects/wechatdemo/entry/src/main/ets/images/wetab00.png","type":"file","isSymbolicLink":false,"fileMetaData":{"size":917,"lastModifiedTime":1702257614999}},{"hashValue":"69b71353a7003d2aecc5dde8646e7a4a","name":"wetab01.png","path":"/Users/changwei/DevEcoStudioProjects/wechatdemo/entry/src/main/ets/images/wetab01.png","type":"file","isSymbolicLink":false,"fileMetaData":{"size":1915,"lastModifiedTime":1702261950937}},{"hashValue":"353ef591e8dff0dcabe5fc4308aefa77","name":"wetab10.png","path":"/Users/changwei/DevEcoStudioProjects/wechatdemo/entry/src/main/ets/images/wetab10.png","type":"file","isSymbolicLink":false,"fileMetaData":{"size":772,"lastModifiedTime":1702257652802}},{"hashValue":"ab9016a66212638977d9972be25dd02f","name":"wetab11.png","path":"/Users/changwei/DevEcoStudioProjects/wechatdemo/entry/src/main/ets/images/wetab11.png","type":"file","isSymbolicLink":false,"fileMetaData":{"size":1938,"lastModifiedTime":1702261878646}},{"hashValue":"bc4eca2df3e5bfc442cd06a43ec7e036","name":"wetab20.png","path":"/Users/changwei/DevEcoStudioProjects/wechatdemo/entry/src/main/ets/images/wetab20.png","type":"file","isSymbolicLink":false,"fileMetaData":{"size":927,"lastModifiedTime":1702257602101}},{"hashValue":"55ad1e40286edb46f2ed64f263523cee","name":"wetab21.png","path":"/Users/changwei/DevEcoStudioProjects/wechatdemo/entry/src/main/ets/images/wetab21.png","type":"file","isSymbolicLink":false,"fileMetaData":{"size":1964,"lastModifiedTime":1702261988911}},{"hashValue":"12f29b18a5c9cd496537cbf90c600cb2","name":"wetab30.png","path":"/Users/changwei/DevEcoStudioProjects/wechatdemo/entry/src/main/ets/images/wetab30.png","type":"file","isSymbolicLink":false,"fileMetaData":{"size":772,"lastModifiedTime":1702257652802}},{"hashValue":"82b62349bb5e01fe04803b32070da96b","name":"wetab31.png","path":"/Users/changwei/DevEcoStudioProjects/wechatdemo/entry/src/main/ets/images/wetab31.png","type":"file","isSymbolicLink":false,"fileMetaData":{"size":1938,"lastModifiedTime":1702261878646}}]},{"hashValue":"220c9b6b4e1a9824a523042b6de9ad89","name":"pages","path":"/Users/changwei/DevEcoStudioProjects/wechatdemo/entry/src/main/ets/pages","type":"directory","isSymbolicLink":false,"children":[{"hashValue":"3de23ef5a2745814155946a973aee0c9","name":"Contact","path":"/Users/changwei/DevEcoStudioProjects/wechatdemo/entry/src/main/ets/pages/Contact","type":"directory","isSymbolicLink":false,"children":[{"hashValue":"37382dfb7043179f175ea80b8d40c0da","name":"Contacts.ets","path":"/Users/changwei/DevEcoStudioProjects/wechatdemo/entry/src/main/ets/pages/Contact/Contacts.ets","type":"file","isSymbolicLink":false,"fileMetaData":{"size":5299,"lastModifiedTime":1702270780181}},{"hashValue":"a9aa72f5a39bcab58f97245c6c54ff20","name":"PersonalPage.ets","path":"/Users/changwei/DevEcoStudioProjects/wechatdemo/entry/src/main/ets/pages/Contact/PersonalPage.ets","type":"file","isSymbolicLink":false,"fileMetaData":{"size":6110,"lastModifiedTime":1702195107681}}]},{"hashValue":"460a38f025b3baef1499915908eb7a98","name":"Discover","path":"/Users/changwei/DevEcoStudioProjects/wechatdemo/entry/src/main/ets/pages/Discover","type":"directory","isSymbolicLink":false,"children":[{"hashValue":"e4f5ae511470d1c3d90ae1a2800b8d8c","name":"Discover.ets","path":"/Users/changwei/DevEcoStudioProjects/wechatdemo/entry/src/main/ets/pages/Discover/Discover.ets","type":"file","isSymbolicLink":false,"fileMetaData":{"size":2449,"lastModifiedTime":1702169826717}}]},{"hashValue":"8ac3dc039dbddcab8b33b9733a1fc0e5","name":"Home","path":"/Users/changwei/DevEcoStudioProjects/wechatdemo/entry/src/main/ets/pages/Home","type":"directory","isSymbolicLink":false,"children":[{"hashValue":"bce573bef68c93df5e3eac6e137f2fbe","name":"Chat.ets","path":"/Users/changwei/DevEcoStudioProjects/wechatdemo/entry/src/main/ets/pages/Home/Chat.ets","type":"file","isSymbolicLink":false,"fileMetaData":{"size":9531,"lastModifiedTime":1702001923101}},{"hashValue":"0fa45c9dff411e75d3198bbdafb4cc5f","name":"Home.ets","path":"/Users/changwei/DevEcoStudioProjects/wechatdemo/entry/src/main/ets/pages/Home/Home.ets","type":"file","isSymbolicLink":false,"fileMetaData":{"size":5448,"lastModifiedTime":1702269563733}}]},{"hashValue":"494274b8e2d2ea0166b946b59c89d64e","name":"Index.ets","path":"/Users/changwei/DevEcoStudioProjects/wechatdemo/entry/src/main/ets/pages/Index.ets","type":"file","isSymbolicLink":false,"fileMetaData":{"size":1645,"lastModifiedTime":1702264581838}},{"hashValue":"69dbcc1dadd14a7e5bc7933c5c1fc6e1","name":"My","path":"/Users/changwei/DevEcoStudioProjects/wechatdemo/entry/src/main/ets/pages/My","type":"directory","isSymbolicLink":false,"children":[{"hashValue":"d68bc514d5d35934eb95d2e2b5aec2e7","name":"My.ets","path":"/Users/changwei/DevEcoStudioProjects/wechatdemo/entry/src/main/ets/pages/My/My.ets","type":"file","isSymbolicLink":false,"fileMetaData":{"size":2738,"lastModifiedTime":1702264045852}}]}]}]},"/Users/changwei/DevEcoStudioProjects/wechatdemo/entry/build/default/intermediates/hap_metadata/default/output_metadata.json":{"hashValue":"e4e5fbdb4c4a3d7441e5407e63713b7a","name":"output_metadata.json","path":"/Users/changwei/DevEcoStudioProjects/wechatdemo/entry/build/default/intermediates/hap_metadata/default/output_metadata.json","type":"file","isSymbolicLink":false,"fileMetaData":{"size":93,"lastModifiedTime":1702000024072}},"/Users/changwei/DevEcoStudioProjects/wechatdemo/entry/build/default/intermediates/merge_profile/default/module.json":{"hashValue":"feb5f75758c078510c53d91571162f32","name":"module.json","path":"/Users/changwei/DevEcoStudioProjects/wechatdemo/entry/build/default/intermediates/merge_profile/default/module.json","type":"file","isSymbolicLink":false,"fileMetaData":{"size":1198,"lastModifiedTime":1702268806282}},"/Users/changwei/DevEcoStudioProjects/wechatdemo/entry/build/default/intermediates/loader/default/loader.json":{"hashValue":"0926d7e317de5a017aa5c22d9836f8af","name":"loader.json","path":"/Users/changwei/DevEcoStudioProjects/wechatdemo/entry/build/default/intermediates/loader/default/loader.json","type":"file","isSymbolicLink":false,"fileMetaData":{"size":379,"lastModifiedTime":1702268806287}},"/Users/changwei/DevEcoStudioProjects/wechatdemo/entry/build/default/outputs/default/pack.info":{"hashValue":"538e475fbc60545746385dd9833380be","name":"pack.info","path":"/Users/changwei/DevEcoStudioProjects/wechatdemo/entry/build/default/outputs/default/pack.info","type":"file","isSymbolicLink":false,"fileMetaData":{"size":540,"lastModifiedTime":1702000024080}},"/Users/changwei/DevEcoStudioProjects/wechatdemo/entry/build/default/intermediates/process_profile/default/module.json":{"hashValue":"5805ec0fe3eb2c668a3fde8027f6cdb6","name":"module.json","path":"/Users/changwei/DevEcoStudioProjects/wechatdemo/entry/build/default/intermediates/process_profile/default/module.json","type":"file","isSymbolicLink":false,"fileMetaData":{"size":1283,"lastModifiedTime":1702268806356}},"/Users/changwei/DevEcoStudioProjects/wechatdemo/entry/build/default/intermediates/res/default/resConfig.json":{"hashValue":"47f1c48a0969b3d5aabffc467ff1bf5e","name":"resConfig.json","path":"/Users/changwei/DevEcoStudioProjects/wechatdemo/entry/build/default/intermediates/res/default/resConfig.json","type":"file","isSymbolicLink":false,"fileMetaData":{"size":629,"lastModifiedTime":1701932183908}},"/Users/changwei/DevEcoStudioProjects/wechatdemo/entry/build/default/intermediates/libs/default":{"hashValue":"","name":"default","path":"/Users/changwei/DevEcoStudioProjects/wechatdemo/entry/build/default/intermediates/libs/default","type":"directory","isSymbolicLink":false,"children":[]},"/Users/changwei/DevEcoStudioProjects/wechatdemo/entry/build/default/intermediates/res/default":{"hashValue":"98642770700fe0505167dd2ea90c7612","name":"default","path":"/Users/changwei/DevEcoStudioProjects/wechatdemo/entry/build/default/intermediates/res/default","type":"directory","isSymbolicLink":false,"children":[{"hashValue":"a45282ff8ad5c49102badf2ecc27a32d","name":"module.json","path":"/Users/changwei/DevEcoStudioProjects/wechatdemo/entry/build/default/intermediates/res/default/module.json","type":"file","isSymbolicLink":false,"fileMetaData":{"size":2268,"lastModifiedTime":1702268806388}},{"hashValue":"47f1c48a0969b3d5aabffc467ff1bf5e","name":"resConfig.json","path":"/Users/changwei/DevEcoStudioProjects/wechatdemo/entry/build/default/intermediates/res/default/resConfig.json","type":"file","isSymbolicLink":false,"fileMetaData":{"size":629,"lastModifiedTime":1701932183908}},{"hashValue":"86e21780f80fceaf3d61f3dc0a96aa23","name":"resources","path":"/Users/changwei/DevEcoStudioProjects/wechatdemo/entry/build/default/intermediates/res/default/resources","type":"directory","isSymbolicLink":false,"children":[{"hashValue":"663e94ef2af951d7595f1530b049093a","name":"base","path":"/Users/changwei/DevEcoStudioProjects/wechatdemo/entry/build/default/intermediates/res/default/resources/base","type":"directory","isSymbolicLink":false,"children":[{"hashValue":"fe6afcf34f42562337256fb194378a0b","name":"media","path":"/Users/changwei/DevEcoStudioProjects/wechatdemo/entry/build/default/intermediates/res/default/resources/base/media","type":"directory","isSymbolicLink":false,"children":[{"hashValue":"818ae4648718ad9d127655afed780980","name":"app_icon.png","path":"/Users/changwei/DevEcoStudioProjects/wechatdemo/entry/build/default/intermediates/res/default/resources/base/media/app_icon.png","type":"file","isSymbolicLink":false,"fileMetaData":{"size":6790,"lastModifiedTime":1702268806380}},{"hashValue":"f2462eb64670fa28c785267564950157","name":"arrow_right.png","path":"/Users/changwei/DevEcoStudioProjects/wechatdemo/entry/build/default/intermediates/res/default/resources/base/media/arrow_right.png","type":"file","isSymbolicLink":false,"fileMetaData":{"size":5012,"lastModifiedTime":1702268806382}},{"hashValue":"0531be9db3bea98e67d8070be8cf5250","name":"discover_0.png","path":"/Users/changwei/DevEcoStudioProjects/wechatdemo/entry/build/default/intermediates/res/default/resources/base/media/discover_0.png","type":"file","isSymbolicLink":false,"fileMetaData":{"size":28077,"lastModifiedTime":1702268806383}},{"hashValue":"7343550f5415778548433738c94daece","name":"discover_1.png","path":"/Users/changwei/DevEcoStudioProjects/wechatdemo/entry/build/default/intermediates/res/default/resources/base/media/discover_1.png","type":"file","isSymbolicLink":false,"fileMetaData":{"size":15078,"lastModifiedTime":1702268806383}},{"hashValue":"6c709129a72de1f5314901afab24664b","name":"discover_2.png","path":"/Users/changwei/DevEcoStudioProjects/wechatdemo/entry/build/default/intermediates/res/default/resources/base/media/discover_2.png","type":"file","isSymbolicLink":false,"fileMetaData":{"size":2970,"lastModifiedTime":1702268806383}},{"hashValue":"1f844c8dfdfa240fabbcc0a612d77205","name":"discover_3.png","path":"/Users/changwei/DevEcoStudioProjects/wechatdemo/entry/build/default/intermediates/res/default/resources/base/media/discover_3.png","type":"file","isSymbolicLink":false,"fileMetaData":{"size":3815,"lastModifiedTime":1702268806384}},{"hashValue":"faa8bcb79bd567e9373ce342ac9ac759","name":"discover_4.png","path":"/Users/changwei/DevEcoStudioProjects/wechatdemo/entry/build/default/intermediates/res/default/resources/base/media/discover_4.png","type":"file","isSymbolicLink":false,"fileMetaData":{"size":8016,"lastModifiedTime":1702268806384}},{"hashValue":"6add9df3f33c5b4be64b0d78b58f7d36","name":"discover_5.png","path":"/Users/changwei/DevEcoStudioProjects/wechatdemo/entry/build/default/intermediates/res/default/resources/base/media/discover_5.png","type":"file","isSymbolicLink":false,"fileMetaData":{"size":16372,"lastModifiedTime":1702268806384}},{"hashValue":"f5a500b10dd03326ce29d6a6dce766d2","name":"icon.png","path":"/Users/changwei/DevEcoStudioProjects/wechatdemo/entry/build/default/intermediates/res/default/resources/base/media/icon.png","type":"file","isSymbolicLink":false,"fileMetaData":{"size":6790,"lastModifiedTime":1702268806384}},{"hashValue":"3842246227cd43bd90dd57eb3c7b9872","name":"info_logo.png","path":"/Users/changwei/DevEcoStudioProjects/wechatdemo/entry/build/default/intermediates/res/default/resources/base/media/info_logo.png","type":"file","isSymbolicLink":false,"fileMetaData":{"size":5700,"lastModifiedTime":1702268806385}},{"hashValue":"1be89a81eb2e2ad7abacab396d945ebb","name":"my_card.png","path":"/Users/changwei/DevEcoStudioProjects/wechatdemo/entry/build/default/intermediates/res/default/resources/base/media/my_card.png","type":"file","isSymbolicLink":false,"fileMetaData":{"size":2125,"lastModifiedTime":1702268806385}},{"hashValue":"b3a8cf832c987cf16305fb891953c64d","name":"my_collect.png","path":"/Users/changwei/DevEcoStudioProjects/wechatdemo/entry/build/default/intermediates/res/default/resources/base/media/my_collect.png","type":"file","isSymbolicLink":false,"fileMetaData":{"size":10921,"lastModifiedTime":1702268806385}},{"hashValue":"3cf6d4f2b2f39dcb48493d45963ee0c3","name":"my_emoj.png","path":"/Users/changwei/DevEcoStudioProjects/wechatdemo/entry/build/default/intermediates/res/default/resources/base/media/my_emoj.png","type":"file","isSymbolicLink":false,"fileMetaData":{"size":16809,"lastModifiedTime":1702268806386}},{"hashValue":"8d02f5269970076f0f22e203e2d8c7f3","name":"my_moment.png","path":"/Users/changwei/DevEcoStudioProjects/wechatdemo/entry/build/default/intermediates/res/default/resources/base/media/my_moment.png","type":"file","isSymbolicLink":false,"fileMetaData":{"size":16372,"lastModifiedTime":1702268806386}},{"hashValue":"68ca1b792b57704a45a922c02a4f131f","name":"my_service.png","path":"/Users/changwei/DevEcoStudioProjects/wechatdemo/entry/build/default/intermediates/res/default/resources/base/media/my_service.png","type":"file","isSymbolicLink":false,"fileMetaData":{"size":1822,"lastModifiedTime":1702268806386}},{"hashValue":"e9029393c80a2dd3f50b1ee296543b48","name":"my_set.png","path":"/Users/changwei/DevEcoStudioProjects/wechatdemo/entry/build/default/intermediates/res/default/resources/base/media/my_set.png","type":"file","isSymbolicLink":false,"fileMetaData":{"size":6293,"lastModifiedTime":1702268806387}},{"hashValue":"b10f30cbc6aed1e5d8df888110c2732a","name":"person_message.png","path":"/Users/changwei/DevEcoStudioProjects/wechatdemo/entry/build/default/intermediates/res/default/resources/base/media/person_message.png","type":"file","isSymbolicLink":false,"fileMetaData":{"size":6034,"lastModifiedTime":1702268806387}},{"hashValue":"d5e388b08b729718f769241634f2d5ef","name":"person_video.png","path":"/Users/changwei/DevEcoStudioProjects/wechatdemo/entry/build/default/intermediates/res/default/resources/base/media/person_video.png","type":"file","isSymbolicLink":false,"fileMetaData":{"size":5425,"lastModifiedTime":1702268806387}}]},{"hashValue":"8903ea03e82a381d5b5fc5cfd633f6cd","name":"profile","path":"/Users/changwei/DevEcoStudioProjects/wechatdemo/entry/build/default/intermediates/res/default/resources/base/profile","type":"directory","isSymbolicLink":false,"children":[{"hashValue":"234abd96c458cf021e9db3d9a8beebd0","name":"main_pages.json","path":"/Users/changwei/DevEcoStudioProjects/wechatdemo/entry/build/default/intermediates/res/default/resources/base/profile/main_pages.json","type":"file","isSymbolicLink":false,"fileMetaData":{"size":196,"lastModifiedTime":1702268806388}}]}]},{"hashValue":"","name":"rawfile","path":"/Users/changwei/DevEcoStudioProjects/wechatdemo/entry/build/default/intermediates/res/default/resources/rawfile","type":"directory","isSymbolicLink":false,"children":[]}]},{"hashValue":"4bf20d33ab9383c74261f26d3d5a19e8","name":"resources.index","path":"/Users/changwei/DevEcoStudioProjects/wechatdemo/entry/build/default/intermediates/res/default/resources.index","type":"file","isSymbolicLink":false,"fileMetaData":{"size":2236,"lastModifiedTime":1702268806389}},{"hashValue":"a5a8cb2fedf264d8ffd773dd740939b3","name":"ResourceTable.txt","path":"/Users/changwei/DevEcoStudioProjects/wechatdemo/entry/build/default/intermediates/res/default/ResourceTable.txt","type":"file","isSymbolicLink":false,"fileMetaData":{"size":691,"lastModifiedTime":1702268806388}}]},"/Users/changwei/DevEcoStudioProjects/wechatdemo/entry/build/default/generated/r/default/ResourceTable.h":{"hashValue":"f09152e7f77c1e16e165eb2dd60a3b8a","name":"ResourceTable.h","path":"/Users/changwei/DevEcoStudioProjects/wechatdemo/entry/build/default/generated/r/default/ResourceTable.h","type":"file","isSymbolicLink":false,"fileMetaData":{"size":1805,"lastModifiedTime":1702268806388}},"/Users/changwei/DevEcoStudioProjects/wechatdemo/entry/build/default/generated/r/default":{"hashValue":"7bb0750ace186a3b4577d440f51b62ee","name":"default","path":"/Users/changwei/DevEcoStudioProjects/wechatdemo/entry/build/default/generated/r/default","type":"directory","isSymbolicLink":false,"children":[{"hashValue":"f09152e7f77c1e16e165eb2dd60a3b8a","name":"ResourceTable.h","path":"/Users/changwei/DevEcoStudioProjects/wechatdemo/entry/build/default/generated/r/default/ResourceTable.h","type":"file","isSymbolicLink":false,"fileMetaData":{"size":1805,"lastModifiedTime":1702268806388}}]},"/Users/changwei/DevEcoStudioProjects/wechatdemo/entry/build/default/intermediates/loader/default":{"hashValue":"4be96932b2571c65be65fcd1c1af0b6f","name":"default","path":"/Users/changwei/DevEcoStudioProjects/wechatdemo/entry/build/default/intermediates/loader/default","type":"directory","isSymbolicLink":false,"children":[{"hashValue":"0926d7e317de5a017aa5c22d9836f8af","name":"loader.json","path":"/Users/changwei/DevEcoStudioProjects/wechatdemo/entry/build/default/intermediates/loader/default/loader.json","type":"file","isSymbolicLink":false,"fileMetaData":{"size":379,"lastModifiedTime":1702268806287}}]},"/Users/changwei/DevEcoStudioProjects/wechatdemo/entry/build/default/intermediates/res/default/ResourceTable.txt":{"hashValue":"a5a8cb2fedf264d8ffd773dd740939b3","name":"ResourceTable.txt","path":"/Users/changwei/DevEcoStudioProjects/wechatdemo/entry/build/default/intermediates/res/default/ResourceTable.txt","type":"file","isSymbolicLink":false,"fileMetaData":{"size":691,"lastModifiedTime":1702268806388}},"/Users/changwei/DevEcoStudioProjects/wechatdemo/entry/build/default/intermediates/res/default/module.json":{"hashValue":"a45282ff8ad5c49102badf2ecc27a32d","name":"module.json","path":"/Users/changwei/DevEcoStudioProjects/wechatdemo/entry/build/default/intermediates/res/default/module.json","type":"file","isSymbolicLink":false,"fileMetaData":{"size":2268,"lastModifiedTime":1702268806388}},"/Users/changwei/DevEcoStudioProjects/wechatdemo/entry/build/default/intermediates/res/default/resources/base/profile":{"hashValue":"8903ea03e82a381d5b5fc5cfd633f6cd","name":"profile","path":"/Users/changwei/DevEcoStudioProjects/wechatdemo/entry/build/default/intermediates/res/default/resources/base/profile","type":"directory","isSymbolicLink":false,"children":[{"hashValue":"234abd96c458cf021e9db3d9a8beebd0","name":"main_pages.json","path":"/Users/changwei/DevEcoStudioProjects/wechatdemo/entry/build/default/intermediates/res/default/resources/base/profile/main_pages.json","type":"file","isSymbolicLink":false,"fileMetaData":{"size":196,"lastModifiedTime":1702268806388}}]},"/Users/changwei/DevEcoStudioProjects/wechatdemo/entry/build/default/intermediates/loader_out/default/ets":{"hashValue":"9e5ae25b063e6cac68ce43a70273f1a2","name":"ets","path":"/Users/changwei/DevEcoStudioProjects/wechatdemo/entry/build/default/intermediates/loader_out/default/ets","type":"directory","isSymbolicLink":false,"children":[{"hashValue":"eab516d93a1beea40a7f9da9772f248f","name":"images","path":"/Users/changwei/DevEcoStudioProjects/wechatdemo/entry/build/default/intermediates/loader_out/default/ets/images","type":"directory","isSymbolicLink":false,"children":[{"hashValue":"467e846afd69b2b9d3cd1ab0c6f18a53","name":"contact_0.png","path":"/Users/changwei/DevEcoStudioProjects/wechatdemo/entry/build/default/intermediates/loader_out/default/ets/images/contact_0.png","type":"file","isSymbolicLink":false,"fileMetaData":{"size":81013,"lastModifiedTime":1702268808973}},{"hashValue":"6e7d9cd26163ffd29f33304bba6a2c95","name":"contact_1.png","path":"/Users/changwei/DevEcoStudioProjects/wechatdemo/entry/build/default/intermediates/loader_out/default/ets/images/contact_1.png","type":"file","isSymbolicLink":false,"fileMetaData":{"size":65239,"lastModifiedTime":1702268808974}},{"hashValue":"d7df6d49649ff5a3c8c95f05e5efdc69","name":"contact_2.png","path":"/Users/changwei/DevEcoStudioProjects/wechatdemo/entry/build/default/intermediates/loader_out/default/ets/images/contact_2.png","type":"file","isSymbolicLink":false,"fileMetaData":{"size":86857,"lastModifiedTime":1702268808975}},{"hashValue":"b48f8da1bc87e28f1e97ef3988fd3d90","name":"contact_3.png","path":"/Users/changwei/DevEcoStudioProjects/wechatdemo/entry/build/default/intermediates/loader_out/default/ets/images/contact_3.png","type":"file","isSymbolicLink":false,"fileMetaData":{"size":127154,"lastModifiedTime":1702268808976}},{"hashValue":"4b36bd5421f8e901f10b977a3a5865ea","name":"contact_4.png","path":"/Users/changwei/DevEcoStudioProjects/wechatdemo/entry/build/default/intermediates/loader_out/default/ets/images/contact_4.png","type":"file","isSymbolicLink":false,"fileMetaData":{"size":143372,"lastModifiedTime":1702268808977}},{"hashValue":"57d222c3060c2f7e000945ea61d28415","name":"contact_5.png","path":"/Users/changwei/DevEcoStudioProjects/wechatdemo/entry/build/default/intermediates/loader_out/default/ets/images/contact_5.png","type":"file","isSymbolicLink":false,"fileMetaData":{"size":111320,"lastModifiedTime":1702268808979}},{"hashValue":"7a069ec7c486d0db4e7094879bb4860d","name":"contact_add.png","path":"/Users/changwei/DevEcoStudioProjects/wechatdemo/entry/build/default/intermediates/loader_out/default/ets/images/contact_add.png","type":"file","isSymbolicLink":false,"fileMetaData":{"size":6752,"lastModifiedTime":1702268808979}},{"hashValue":"2fea0ea14dee9c832eeeec1eeca6b7de","name":"emoj.png","path":"/Users/changwei/DevEcoStudioProjects/wechatdemo/entry/build/default/intermediates/loader_out/default/ets/images/emoj.png","type":"file","isSymbolicLink":false,"fileMetaData":{"size":8033,"lastModifiedTime":1702268808980}},{"hashValue":"8dc81d0f697df68a5b1724f918630ef4","name":"icon1.png","path":"/Users/changwei/DevEcoStudioProjects/wechatdemo/entry/build/default/intermediates/loader_out/default/ets/images/icon1.png","type":"file","isSymbolicLink":false,"fileMetaData":{"size":126612,"lastModifiedTime":1702268808981}},{"hashValue":"a088c1fa5734c54dedeed5fc3b382d26","name":"icon2.png","path":"/Users/changwei/DevEcoStudioProjects/wechatdemo/entry/build/default/intermediates/loader_out/default/ets/images/icon2.png","type":"file","isSymbolicLink":false,"fileMetaData":{"size":268365,"lastModifiedTime":1702268808983}},{"hashValue":"0522768d0547157d094468856837db8f","name":"icon3.png","path":"/Users/changwei/DevEcoStudioProjects/wechatdemo/entry/build/default/intermediates/loader_out/default/ets/images/icon3.png","type":"file","isSymbolicLink":false,"fileMetaData":{"size":178091,"lastModifiedTime":1702268808984}},{"hashValue":"1ed800436e23b0ef95466707027bded8","name":"menu_add.png","path":"/Users/changwei/DevEcoStudioProjects/wechatdemo/entry/build/default/intermediates/loader_out/default/ets/images/menu_add.png","type":"file","isSymbolicLink":false,"fileMetaData":{"size":5942,"lastModifiedTime":1702268808985}},{"hashValue":"b3f463b6f6a1656ca0848fe98f705340","name":"menu_group.png","path":"/Users/changwei/DevEcoStudioProjects/wechatdemo/entry/build/default/intermediates/loader_out/default/ets/images/menu_group.png","type":"file","isSymbolicLink":false,"fileMetaData":{"size":5809,"lastModifiedTime":1702268808985}},{"hashValue":"4cb46924a2fc7d02d85be936905b0c84","name":"menu_purchase.png","path":"/Users/changwei/DevEcoStudioProjects/wechatdemo/entry/build/default/intermediates/loader_out/default/ets/images/menu_purchase.png","type":"file","isSymbolicLink":false,"fileMetaData":{"size":5900,"lastModifiedTime":1702268808987}},{"hashValue":"1798d436db8770e5a1fa92ccff4aa30b","name":"menu_scan.png","path":"/Users/changwei/DevEcoStudioProjects/wechatdemo/entry/build/default/intermediates/loader_out/default/ets/images/menu_scan.png","type":"file","isSymbolicLink":false,"fileMetaData":{"size":5957,"lastModifiedTime":1702268808987}},{"hashValue":"dfcefdcf76349cd9f030265e07ddaa81","name":"more.png","path":"/Users/changwei/DevEcoStudioProjects/wechatdemo/entry/build/default/intermediates/loader_out/default/ets/images/more.png","type":"file","isSymbolicLink":false,"fileMetaData":{"size":7603,"lastModifiedTime":1702268808988}},{"hashValue":"736556521ef6af411eaa6a53a539e07e","name":"voice.png","path":"/Users/changwei/DevEcoStudioProjects/wechatdemo/entry/build/default/intermediates/loader_out/default/ets/images/voice.png","type":"file","isSymbolicLink":false,"fileMetaData":{"size":8095,"lastModifiedTime":1702268808991}},{"hashValue":"72468891f0ca286de90a0e893a8ebff2","name":"we_add.png","path":"/Users/changwei/DevEcoStudioProjects/wechatdemo/entry/build/default/intermediates/loader_out/default/ets/images/we_add.png","type":"file","isSymbolicLink":false,"fileMetaData":{"size":6645,"lastModifiedTime":1702268808992}},{"hashValue":"0d7b333ed4068cde13529619e0d4cce6","name":"wetab00.png","path":"/Users/changwei/DevEcoStudioProjects/wechatdemo/entry/build/default/intermediates/loader_out/default/ets/images/wetab00.png","type":"file","isSymbolicLink":false,"fileMetaData":{"size":917,"lastModifiedTime":1702268808993}},{"hashValue":"f5c9eed1df92c3b558b8a412861c0612","name":"wetab01.png","path":"/Users/changwei/DevEcoStudioProjects/wechatdemo/entry/build/default/intermediates/loader_out/default/ets/images/wetab01.png","type":"file","isSymbolicLink":false,"fileMetaData":{"size":1915,"lastModifiedTime":1702268808994}},{"hashValue":"0f41c1bc66d22938e12d5e6ffdcbcbc4","name":"wetab10.png","path":"/Users/changwei/DevEcoStudioProjects/wechatdemo/entry/build/default/intermediates/loader_out/default/ets/images/wetab10.png","type":"file","isSymbolicLink":false,"fileMetaData":{"size":772,"lastModifiedTime":1702268808994}},{"hashValue":"82aad6ea47261443f6b9b7a9aa148800","name":"wetab11.png","path":"/Users/changwei/DevEcoStudioProjects/wechatdemo/entry/build/default/intermediates/loader_out/default/ets/images/wetab11.png","type":"file","isSymbolicLink":false,"fileMetaData":{"size":1938,"lastModifiedTime":1702268808995}},{"hashValue":"84ff1e228d5fca7e16093f79a938aec5","name":"wetab20.png","path":"/Users/changwei/DevEcoStudioProjects/wechatdemo/entry/build/default/intermediates/loader_out/default/ets/images/wetab20.png","type":"file","isSymbolicLink":false,"fileMetaData":{"size":927,"lastModifiedTime":1702268808996}},{"hashValue":"593b450dad343d138a7098a69e9a357e","name":"wetab21.png","path":"/Users/changwei/DevEcoStudioProjects/wechatdemo/entry/build/default/intermediates/loader_out/default/ets/images/wetab21.png","type":"file","isSymbolicLink":false,"fileMetaData":{"size":1964,"lastModifiedTime":1702268808996}},{"hashValue":"58329a1b6561a1adcfd0f35d5192875f","name":"wetab30.png","path":"/Users/changwei/DevEcoStudioProjects/wechatdemo/entry/build/default/intermediates/loader_out/default/ets/images/wetab30.png","type":"file","isSymbolicLink":false,"fileMetaData":{"size":772,"lastModifiedTime":1702268808997}},{"hashValue":"04c131831dcad26e1ecb4da28af4d916","name":"wetab31.png","path":"/Users/changwei/DevEcoStudioProjects/wechatdemo/entry/build/default/intermediates/loader_out/default/ets/images/wetab31.png","type":"file","isSymbolicLink":false,"fileMetaData":{"size":1938,"lastModifiedTime":1702268808998}}]},{"hashValue":"51dea9d6d98fa2e8744aaa7b77cab8db","name":"modules.abc","path":"/Users/changwei/DevEcoStudioProjects/wechatdemo/entry/build/default/intermediates/loader_out/default/ets/modules.abc","type":"file","isSymbolicLink":false,"fileMetaData":{"size":448336,"lastModifiedTime":1702268809041}},{"hashValue":"8fb8356ef52c9bdeada8f3c4336ebec8","name":"sourceMaps.map","path":"/Users/changwei/DevEcoStudioProjects/wechatdemo/entry/build/default/intermediates/loader_out/default/ets/sourceMaps.map","type":"file","isSymbolicLink":false,"fileMetaData":{"size":313614,"lastModifiedTime":1702268808968}}]},"/Users/changwei/DevEcoStudioProjects/wechatdemo/entry/build/default/intermediates/res/default/resources":{"hashValue":"86e21780f80fceaf3d61f3dc0a96aa23","name":"resources","path":"/Users/changwei/DevEcoStudioProjects/wechatdemo/entry/build/default/intermediates/res/default/resources","type":"directory","isSymbolicLink":false,"children":[{"hashValue":"663e94ef2af951d7595f1530b049093a","name":"base","path":"/Users/changwei/DevEcoStudioProjects/wechatdemo/entry/build/default/intermediates/res/default/resources/base","type":"directory","isSymbolicLink":false,"children":[{"hashValue":"fe6afcf34f42562337256fb194378a0b","name":"media","path":"/Users/changwei/DevEcoStudioProjects/wechatdemo/entry/build/default/intermediates/res/default/resources/base/media","type":"directory","isSymbolicLink":false,"children":[{"hashValue":"818ae4648718ad9d127655afed780980","name":"app_icon.png","path":"/Users/changwei/DevEcoStudioProjects/wechatdemo/entry/build/default/intermediates/res/default/resources/base/media/app_icon.png","type":"file","isSymbolicLink":false,"fileMetaData":{"size":6790,"lastModifiedTime":1702268806380}},{"hashValue":"f2462eb64670fa28c785267564950157","name":"arrow_right.png","path":"/Users/changwei/DevEcoStudioProjects/wechatdemo/entry/build/default/intermediates/res/default/resources/base/media/arrow_right.png","type":"file","isSymbolicLink":false,"fileMetaData":{"size":5012,"lastModifiedTime":1702268806382}},{"hashValue":"0531be9db3bea98e67d8070be8cf5250","name":"discover_0.png","path":"/Users/changwei/DevEcoStudioProjects/wechatdemo/entry/build/default/intermediates/res/default/resources/base/media/discover_0.png","type":"file","isSymbolicLink":false,"fileMetaData":{"size":28077,"lastModifiedTime":1702268806383}},{"hashValue":"7343550f5415778548433738c94daece","name":"discover_1.png","path":"/Users/changwei/DevEcoStudioProjects/wechatdemo/entry/build/default/intermediates/res/default/resources/base/media/discover_1.png","type":"file","isSymbolicLink":false,"fileMetaData":{"size":15078,"lastModifiedTime":1702268806383}},{"hashValue":"6c709129a72de1f5314901afab24664b","name":"discover_2.png","path":"/Users/changwei/DevEcoStudioProjects/wechatdemo/entry/build/default/intermediates/res/default/resources/base/media/discover_2.png","type":"file","isSymbolicLink":false,"fileMetaData":{"size":2970,"lastModifiedTime":1702268806383}},{"hashValue":"1f844c8dfdfa240fabbcc0a612d77205","name":"discover_3.png","path":"/Users/changwei/DevEcoStudioProjects/wechatdemo/entry/build/default/intermediates/res/default/resources/base/media/discover_3.png","type":"file","isSymbolicLink":false,"fileMetaData":{"size":3815,"lastModifiedTime":1702268806384}},{"hashValue":"faa8bcb79bd567e9373ce342ac9ac759","name":"discover_4.png","path":"/Users/changwei/DevEcoStudioProjects/wechatdemo/entry/build/default/intermediates/res/default/resources/base/media/discover_4.png","type":"file","isSymbolicLink":false,"fileMetaData":{"size":8016,"lastModifiedTime":1702268806384}},{"hashValue":"6add9df3f33c5b4be64b0d78b58f7d36","name":"discover_5.png","path":"/Users/changwei/DevEcoStudioProjects/wechatdemo/entry/build/default/intermediates/res/default/resources/base/media/discover_5.png","type":"file","isSymbolicLink":false,"fileMetaData":{"size":16372,"lastModifiedTime":1702268806384}},{"hashValue":"f5a500b10dd03326ce29d6a6dce766d2","name":"icon.png","path":"/Users/changwei/DevEcoStudioProjects/wechatdemo/entry/build/default/intermediates/res/default/resources/base/media/icon.png","type":"file","isSymbolicLink":false,"fileMetaData":{"size":6790,"lastModifiedTime":1702268806384}},{"hashValue":"3842246227cd43bd90dd57eb3c7b9872","name":"info_logo.png","path":"/Users/changwei/DevEcoStudioProjects/wechatdemo/entry/build/default/intermediates/res/default/resources/base/media/info_logo.png","type":"file","isSymbolicLink":false,"fileMetaData":{"size":5700,"lastModifiedTime":1702268806385}},{"hashValue":"1be89a81eb2e2ad7abacab396d945ebb","name":"my_card.png","path":"/Users/changwei/DevEcoStudioProjects/wechatdemo/entry/build/default/intermediates/res/default/resources/base/media/my_card.png","type":"file","isSymbolicLink":false,"fileMetaData":{"size":2125,"lastModifiedTime":1702268806385}},{"hashValue":"b3a8cf832c987cf16305fb891953c64d","name":"my_collect.png","path":"/Users/changwei/DevEcoStudioProjects/wechatdemo/entry/build/default/intermediates/res/default/resources/base/media/my_collect.png","type":"file","isSymbolicLink":false,"fileMetaData":{"size":10921,"lastModifiedTime":1702268806385}},{"hashValue":"3cf6d4f2b2f39dcb48493d45963ee0c3","name":"my_emoj.png","path":"/Users/changwei/DevEcoStudioProjects/wechatdemo/entry/build/default/intermediates/res/default/resources/base/media/my_emoj.png","type":"file","isSymbolicLink":false,"fileMetaData":{"size":16809,"lastModifiedTime":1702268806386}},{"hashValue":"8d02f5269970076f0f22e203e2d8c7f3","name":"my_moment.png","path":"/Users/changwei/DevEcoStudioProjects/wechatdemo/entry/build/default/intermediates/res/default/resources/base/media/my_moment.png","type":"file","isSymbolicLink":false,"fileMetaData":{"size":16372,"lastModifiedTime":1702268806386}},{"hashValue":"68ca1b792b57704a45a922c02a4f131f","name":"my_service.png","path":"/Users/changwei/DevEcoStudioProjects/wechatdemo/entry/build/default/intermediates/res/default/resources/base/media/my_service.png","type":"file","isSymbolicLink":false,"fileMetaData":{"size":1822,"lastModifiedTime":1702268806386}},{"hashValue":"e9029393c80a2dd3f50b1ee296543b48","name":"my_set.png","path":"/Users/changwei/DevEcoStudioProjects/wechatdemo/entry/build/default/intermediates/res/default/resources/base/media/my_set.png","type":"file","isSymbolicLink":false,"fileMetaData":{"size":6293,"lastModifiedTime":1702268806387}},{"hashValue":"b10f30cbc6aed1e5d8df888110c2732a","name":"person_message.png","path":"/Users/changwei/DevEcoStudioProjects/wechatdemo/entry/build/default/intermediates/res/default/resources/base/media/person_message.png","type":"file","isSymbolicLink":false,"fileMetaData":{"size":6034,"lastModifiedTime":1702268806387}},{"hashValue":"d5e388b08b729718f769241634f2d5ef","name":"person_video.png","path":"/Users/changwei/DevEcoStudioProjects/wechatdemo/entry/build/default/intermediates/res/default/resources/base/media/person_video.png","type":"file","isSymbolicLink":false,"fileMetaData":{"size":5425,"lastModifiedTime":1702268806387}}]},{"hashValue":"8903ea03e82a381d5b5fc5cfd633f6cd","name":"profile","path":"/Users/changwei/DevEcoStudioProjects/wechatdemo/entry/build/default/intermediates/res/default/resources/base/profile","type":"directory","isSymbolicLink":false,"children":[{"hashValue":"234abd96c458cf021e9db3d9a8beebd0","name":"main_pages.json","path":"/Users/changwei/DevEcoStudioProjects/wechatdemo/entry/build/default/intermediates/res/default/resources/base/profile/main_pages.json","type":"file","isSymbolicLink":false,"fileMetaData":{"size":196,"lastModifiedTime":1702268806388}}]}]},{"hashValue":"","name":"rawfile","path":"/Users/changwei/DevEcoStudioProjects/wechatdemo/entry/build/default/intermediates/res/default/resources/rawfile","type":"directory","isSymbolicLink":false,"children":[]}]},"/Users/changwei/DevEcoStudioProjects/wechatdemo/entry/build/default/intermediates/res/default/resources.index":{"hashValue":"4bf20d33ab9383c74261f26d3d5a19e8","name":"resources.index","path":"/Users/changwei/DevEcoStudioProjects/wechatdemo/entry/build/default/intermediates/res/default/resources.index","type":"file","isSymbolicLink":false,"fileMetaData":{"size":2236,"lastModifiedTime":1702268806389}},"/Users/changwei/DevEcoStudioProjects/wechatdemo/entry/build/default/outputs/default/entry-default-unsigned.hap":{"hashValue":"543a198c684b9384b109c947eb38bc90","name":"entry-default-unsigned.hap","path":"/Users/changwei/DevEcoStudioProjects/wechatdemo/entry/build/default/outputs/default/entry-default-unsigned.hap","type":"file","isSymbolicLink":false,"fileMetaData":{"size":2198022,"lastModifiedTime":1702268809612}},"{\"commandList\":[\"/Users/changwei/Library/Huawei/Sdk/openharmony/9/toolchains/restool\",\"-m\",\"entry\",\"-f\",\"-j\",\"/Users/changwei/DevEcoStudioProjects/wechatdemo/entry/.preview/default/intermediates/process_profile/default/module.json\",\"-p\",\"com.example.wechatdemo\",\"-o\",\"/Users/changwei/DevEcoStudioProjects/wechatdemo/entry/.preview/default/intermediates/res/default\",\"-r\",\"/Users/changwei/DevEcoStudioProjects/wechatdemo/entry/.preview/default/generated/r/default/ResourceTable.h\"],\"inputFiles\":{\"_group\":{}},\"outputFiles\":{\"_group\":{}},\"existsResourceDir\":true,\"restoolLinkParamObj\":{\"appScopeResources\":\"/Users/changwei/DevEcoStudioProjects/wechatdemo/AppScope/resources\",\"moduleResourcesMap\":{},\"harResourcesMap\":{},\"outputPath\":\"/Users/changwei/DevEcoStudioProjects/wechatdemo/entry/.preview/default/intermediates/res/default\",\"linkCommand\":[\"/Users/changwei/Library/Huawei/Sdk/openharmony/9/toolchains/restool\",\"-m\",\"entry\",\"-f\",\"-j\",\"/Users/changwei/DevEcoStudioProjects/wechatdemo/entry/.preview/default/intermediates/process_profile/default/module.json\",\"-p\",\"com.example.wechatdemo\",\"-r\",\"/Users/changwei/DevEcoStudioProjects/wechatdemo/entry/.preview/default/generated/r/default/ResourceTable.h\",\"-z\"]}}":{"hashValue":"","name":"emptyroot","path":"","type":"unknown","isSymbolicLink":false,"children":[]},"/Users/changwei/DevEcoStudioProjects/wechatdemo/entry/.preview/default/intermediates/loader_out/default/ets":{"hashValue":"","name":"emptyroot","path":"","type":"unknown","isSymbolicLink":false,"children":[]},"/Users/changwei/DevEcoStudioProjects/wechatdemo/entry/build/default/intermediates/loader_out/default/js":{"hashValue":"","name":"emptyroot","path":"","type":"unknown","isSymbolicLink":false,"children":[]},"/Users/changwei/DevEcoStudioProjects/wechatdemo/entry/build/default/outputs/default/entry-default-signed.hap":{"hashValue":"","name":"emptyroot","path":"","type":"unknown","isSymbolicLink":false,"children":[]}}