{":wechatdemo:entry:default@PreBuild":{"_inputs":[{"dataType":"ValueEntry","value":"{\"_name\":\"BUILTIN_TASK_COMMAND\",\"_value\":\"\",\"_valueType\":\"string\",\"_hash\":\"0b5d05294fdf4e78e8482ef53eb64ac0\"}"},{"dataType":"ValueEntry","value":"{\"_name\":\"BUILTIN_TASK_ENV\",\"_value\":\"\",\"_valueType\":\"string\",\"_hash\":\"cdcdc2ec8062ca9ec1de46dbf2bbc053\"}"},{"dataType":"ValueEntry","value":"{\"_name\":\"BUILTIN_TASK_TOOLCHAIN\",\"_value\":\"\",\"_valueType\":\"string\",\"_hash\":\"e7f94a9422a8bc317a7d90b58efcb5f6\"}"},{"dataType":"ValueEntry","value":"{\"_name\":\"apiType\",\"_value\":\"stageMode\",\"_valueType\":\"string\",\"_hash\":\"699c7565645ea3ea8c88551a4926a3d5\"}"},{"dataType":"ValueEntry","value":"{\"_name\":\"codeType\",\"_value\":true,\"_valueType\":\"boolean\",\"_hash\":\"d6dcf21a9f078b661283507536e57ce8\"}"},{"dataType":"ValueEntry","value":"{\"_name\":\"compatibleApiVersion\",\"_value\":9,\"_valueType\":\"number\",\"_hash\":\"8f14da7cda665d5f6676adf8a127634f\"}"},{"dataType":"ValueEntry","value":"{\"_name\":\"compileApiVersion\",\"_value\":9,\"_valueType\":\"number\",\"_hash\":\"cdd5413832c7470f85f225c67a87a683\"}"},{"dataType":"ValueEntry","value":"{\"_name\":\"deviceType\",\"_value\":[\"phone\",\"tablet\"],\"_valueType\":\"object\",\"_hash\":\"6b8c09abb74b3d778d7ce1bc1efb26ef\"}"},{"dataType":"ValueEntry","value":"{\"_name\":\"isSupportOhpmProj\",\"_value\":true,\"_valueType\":\"boolean\",\"_hash\":\"f3a249d7e3f751316e931b8a08b074b4\"}"},{"dataType":"ValueEntry","value":"{\"_name\":\"profileModuleName\",\"_value\":\"entry\",\"_valueType\":\"string\",\"_hash\":\"b174ea6ff5824844dde5ad92f6b3ef2b\"}"},{"dataType":"ValueEntry","value":"{\"_name\":\"sdkToolchainsComponentVersion\",\"_value\":\"3.2.12.5\",\"_valueType\":\"string\",\"_hash\":\"cc722e03b3384cc9b37c649e4134fc99\"}"},{"dataType":"ValueEntry","value":"{\"_name\":\"targetStatusCode\",\"_value\":2,\"_valueType\":\"number\",\"_hash\":\"5a9255c0f4ee50904a9349ebafca8369\"}"}],"_successful":true,"_projectName":"wechatdemo","_moduleName":"entry","_taskName":"default@PreBuild","_key":":wechatdemo:entry:default@PreBuild","_executionId":":wechatdemo:entry:default@PreBuild:1702000024068","_inputFiles":{"dataType":"Map","value":[["/Users/changwei/DevEcoStudioProjects/wechatdemo/AppScope/app.json5",{"isDirectory":false,"fileSnapShotHashValue":"0b06e44598853d3b81ec871594e5e725"}],["/Users/changwei/DevEcoStudioProjects/wechatdemo/entry/src/main/module.json5",{"isDirectory":false,"fileSnapShotHashValue":"346ed7956c703eced774f795d722aed4"}]]},"_outputFiles":{"dataType":"Map","value":[]}},":wechatdemo:entry:default@MergeProfile":{"_inputs":[{"dataType":"ValueEntry","value":"{\"_name\":\"BUILTIN_TASK_COMMAND\",\"_value\":\"\",\"_valueType\":\"string\",\"_hash\":\"0b5d05294fdf4e78e8482ef53eb64ac0\"}"},{"dataType":"ValueEntry","value":"{\"_name\":\"BUILTIN_TASK_ENV\",\"_value\":\"\",\"_valueType\":\"string\",\"_hash\":\"cdcdc2ec8062ca9ec1de46dbf2bbc053\"}"},{"dataType":"ValueEntry","value":"{\"_name\":\"BUILTIN_TASK_TOOLCHAIN\",\"_value\":\"\",\"_valueType\":\"string\",\"_hash\":\"e7f94a9422a8bc317a7d90b58efcb5f6\"}"},{"dataType":"ValueEntry","value":"{\"_name\":\"asanEnable\",\"_value\":false,\"_valueType\":\"boolean\",\"_hash\":\"bc2129ba20a21b7e5234139ede1b4d7b\"}"},{"dataType":"ValueEntry","value":"{\"_name\":\"buildRoot\",\"_value\":\".preview\",\"_valueType\":\"string\",\"_hash\":\"88e9a315669657b02bc470a13f92befe\"}"},{"dataType":"ValueEntry","value":"{\"_name\":\"compatibleSdkVersion\",\"_value\":9,\"_valueType\":\"number\",\"_hash\":\"789a8631987a2e2b1a03b001c78d0180\"}"},{"dataType":"ValueEntry","value":"{\"_name\":\"isDebug\",\"_value\":true,\"_valueType\":\"boolean\",\"_hash\":\"edbf05a2d2be2c385e75d9565a48d419\"}"},{"dataType":"ValueEntry","value":"{\"_name\":\"isHarModule\",\"_value\":false,\"_valueType\":\"boolean\",\"_hash\":\"a15b7a3ed818faa99a4a10d67f52cb72\"}"},{"dataType":"ValueEntry","value":"{\"_name\":\"multiProjects\",\"_value\":false,\"_valueType\":\"boolean\",\"_hash\":\"555604752defc243b4e4c55d1549fc06\"}"},{"dataType":"ValueEntry","value":"{\"_name\":\"releaseType\",\"_value\":\"Release\",\"_valueType\":\"string\",\"_hash\":\"bbcabdda034e97584f8c36f85b3ec517\"}"},{"dataType":"ValueEntry","value":"{\"_name\":\"targetSdkVersion\",\"_value\":9,\"_valueType\":\"number\",\"_hash\":\"09b2bdc967d8b97f7b9bf4f19735497e\"}"}],"_successful":true,"_projectName":"wechatdemo","_moduleName":"entry","_taskName":"default@MergeProfile","_key":":wechatdemo:entry:default@MergeProfile","_executionId":":wechatdemo:entry:default@MergeProfile:1702268983074","_inputFiles":{"dataType":"Map","value":[["/Users/changwei/DevEcoStudioProjects/wechatdemo/AppScope/app.json5",{"fileSnapShotHashValue":"0b06e44598853d3b81ec871594e5e725"}],["/Users/changwei/DevEcoStudioProjects/wechatdemo/entry/src/main/module.json5",{"fileSnapShotHashValue":"346ed7956c703eced774f795d722aed4"}]]},"_outputFiles":{"dataType":"Map","value":[["/Users/changwei/DevEcoStudioProjects/wechatdemo/entry/.preview/default/intermediates/merge_profile/default/module.json",{"fileSnapShotHashValue":"0244cc36df4fed987ef75ee95378a3f3"}]]}},":wechatdemo:entry:default@GenerateLoaderJson":{"_inputs":[{"dataType":"ValueEntry","value":"{\"_name\":\"BUILTIN_TASK_COMMAND\",\"_value\":\"\",\"_valueType\":\"string\",\"_hash\":\"0b5d05294fdf4e78e8482ef53eb64ac0\"}"},{"dataType":"ValueEntry","value":"{\"_name\":\"BUILTIN_TASK_ENV\",\"_value\":\"\",\"_valueType\":\"string\",\"_hash\":\"cdcdc2ec8062ca9ec1de46dbf2bbc053\"}"},{"dataType":"ValueEntry","value":"{\"_name\":\"BUILTIN_TASK_TOOLCHAIN\",\"_value\":\"\",\"_valueType\":\"string\",\"_hash\":\"e7f94a9422a8bc317a7d90b58efcb5f6\"}"},{"dataType":"ValueEntry","value":"{\"_name\":\"aotCompileMode\",\"_value\":\"\",\"_valueType\":\"string\",\"_hash\":\"31b66e9c596cc61cb06cdecc08aaeb6c\"}"},{"dataType":"ValueEntry","value":"{\"_name\":\"apPath\",\"_value\":\"\",\"_valueType\":\"string\",\"_hash\":\"dabe59b8be9f1396c43dc319521a0027\"}"},{"dataType":"ValueEntry","value":"{\"_name\":\"compileMode\",\"_value\":\"esmodule\",\"_valueType\":\"string\",\"_hash\":\"dacafc8e0b77a950178a0b4d142dc32c\"}"},{"dataType":"ValueEntry","value":"{\"_name\":\"harNameOhmMap\",\"_value\":\"{}\",\"_valueType\":\"string\",\"_hash\":\"0faf006bccbcdc2c7f04ff2d8c87894f\"}"},{"dataType":"ValueEntry","value":"{\"_name\":\"modulePathMap\",\"_value\":\"{\\\"entry\\\":\\\"/Users/changwei/DevEcoStudioProjects/wechatdemo/entry\\\"}\",\"_valueType\":\"string\",\"_hash\":\"94bdba649e35e8e90c93f8c8812e137b\"}"},{"dataType":"ValueEntry","value":"{\"_name\":\"nodeModulesPath\",\"_value\":\"/Users/changwei/DevEcoStudioProjects/wechatdemo/entry/.preview/default/intermediates/loader_out/default/node_modules\",\"_valueType\":\"string\",\"_hash\":\"ce6217ee19d32f606f1ce3eccb1baad9\"}"},{"dataType":"ValueEntry","value":"{\"_name\":\"projectRootPath\",\"_value\":\"/Users/changwei/DevEcoStudioProjects/wechatdemo\",\"_valueType\":\"string\",\"_hash\":\"070e080b1184073ab55c33f56fff492d\"}"},{"dataType":"ValueEntry","value":"{\"_name\":\"targetConfig\",\"_value\":\"{\\\"name\\\":\\\"default\\\",\\\"runtimeOS\\\":\\\"HarmonyOS\\\"}\",\"_valueType\":\"string\",\"_hash\":\"96bcd83382fb082c731eedf7bc0cf1dc\"}"}],"_successful":true,"_projectName":"wechatdemo","_moduleName":"entry","_taskName":"default@GenerateLoaderJson","_key":":wechatdemo:entry:default@GenerateLoaderJson","_executionId":":wechatdemo:entry:default@GenerateLoaderJson:1702268983080","_inputFiles":{"dataType":"Map","value":[]},"_outputFiles":{"dataType":"Map","value":[["/Users/changwei/DevEcoStudioProjects/wechatdemo/entry/.preview/default/intermediates/loader/default/loader.json",{"isDirectory":false,"fileSnapShotHashValue":"010f39231073aaf15fb7dfb5d469399f"}]]}},":wechatdemo:entry:default@ProcessProfile":{"_inputs":[{"dataType":"ValueEntry","value":"{\"_name\":\"BUILTIN_TASK_COMMAND\",\"_value\":\"\",\"_valueType\":\"string\",\"_hash\":\"0b5d05294fdf4e78e8482ef53eb64ac0\"}"},{"dataType":"ValueEntry","value":"{\"_name\":\"BUILTIN_TASK_ENV\",\"_value\":\"\",\"_valueType\":\"string\",\"_hash\":\"cdcdc2ec8062ca9ec1de46dbf2bbc053\"}"},{"dataType":"ValueEntry","value":"{\"_name\":\"BUILTIN_TASK_TOOLCHAIN\",\"_value\":\"\",\"_valueType\":\"string\",\"_hash\":\"e7f94a9422a8bc317a7d90b58efcb5f6\"}"},{"dataType":"ValueEntry","value":"{\"_name\":\"arkEnable\",\"_value\":true,\"_valueType\":\"boolean\",\"_hash\":\"750b4bda198545a67903dfb3f6a00a95\"}"},{"dataType":"ValueEntry","value":"{\"_name\":\"compileMode\",\"_value\":\"esmodule\",\"_valueType\":\"string\",\"_hash\":\"dacafc8e0b77a950178a0b4d142dc32c\"}"},{"dataType":"ValueEntry","value":"{\"_name\":\"dependency\",\"_value\":\"[]\",\"_valueType\":\"string\",\"_hash\":\"ac54f3d4ced2d4c1d666d40e4f7c454a\"}"},{"dataType":"ValueEntry","value":"{\"_name\":\"deviceTypes\",\"_value\":[\"phone\",\"tablet\"],\"_valueType\":\"object\",\"_hash\":\"c166d88837153e59136adb6a4b649962\"}"}],"_successful":true,"_projectName":"wechatdemo","_moduleName":"entry","_taskName":"default@ProcessProfile","_key":":wechatdemo:entry:default@ProcessProfile","_executionId":":wechatdemo:entry:default@ProcessProfile:1702268983083","_inputFiles":{"dataType":"Map","value":[["/Users/changwei/DevEcoStudioProjects/wechatdemo/entry/.preview/default/intermediates/merge_profile/default/module.json",{"fileSnapShotHashValue":"0244cc36df4fed987ef75ee95378a3f3"}]]},"_outputFiles":{"dataType":"Map","value":[["/Users/changwei/DevEcoStudioProjects/wechatdemo/entry/.preview/default/intermediates/process_profile/default/module.json",{"fileSnapShotHashValue":"4e873fe8abf38c62193f1f036b6cf770"}]]}},":wechatdemo:entry:default@PreviewProcessResource":{"_inputs":[{"dataType":"ValueEntry","value":"{\"_name\":\"previewCompileResourcesCommand\",\"_value\":\"{\\\"commandList\\\":[\\\"/Users/changwei/Library/Huawei/Sdk/openharmony/9/toolchains/restool\\\",\\\"-m\\\",\\\"entry\\\",\\\"-f\\\",\\\"-j\\\",\\\"/Users/changwei/DevEcoStudioProjects/wechatdemo/entry/.preview/default/intermediates/process_profile/default/module.json\\\",\\\"-p\\\",\\\"com.example.wechatdemo\\\",\\\"-o\\\",\\\"/Users/changwei/DevEcoStudioProjects/wechatdemo/entry/.preview/default/intermediates/res/default\\\",\\\"-r\\\",\\\"/Users/changwei/DevEcoStudioProjects/wechatdemo/entry/.preview/default/generated/r/default/ResourceTable.h\\\"],\\\"inputFiles\\\":{\\\"_group\\\":{}},\\\"outputFiles\\\":{\\\"_group\\\":{}},\\\"existsResourceDir\\\":true,\\\"restoolLinkParamObj\\\":{\\\"appScopeResources\\\":\\\"/Users/changwei/DevEcoStudioProjects/wechatdemo/AppScope/resources\\\",\\\"moduleResourcesMap\\\":{},\\\"harResourcesMap\\\":{},\\\"outputPath\\\":\\\"/Users/changwei/DevEcoStudioProjects/wechatdemo/entry/.preview/default/intermediates/res/default\\\",\\\"linkCommand\\\":[\\\"/Users/changwei/Library/Huawei/Sdk/openharmony/9/toolchains/restool\\\",\\\"-m\\\",\\\"entry\\\",\\\"-f\\\",\\\"-j\\\",\\\"/Users/changwei/DevEcoStudioProjects/wechatdemo/entry/.preview/default/intermediates/process_profile/default/module.json\\\",\\\"-p\\\",\\\"com.example.wechatdemo\\\",\\\"-r\\\",\\\"/Users/changwei/DevEcoStudioProjects/wechatdemo/entry/.preview/default/generated/r/default/ResourceTable.h\\\",\\\"-z\\\"]}}\",\"_valueType\":\"string\"}"},{"dataType":"ValueEntry","value":"{\"_name\":\"BUILTIN_TASK_COMMAND\",\"_value\":\"\",\"_valueType\":\"string\"}"},{"dataType":"ValueEntry","value":"{\"_name\":\"BUILTIN_TASK_TOOLCHAIN\",\"_value\":\"\",\"_valueType\":\"string\"}"},{"dataType":"ValueEntry","value":"{\"_name\":\"BUILTIN_TASK_ENV\",\"_value\":\"\",\"_valueType\":\"string\"}"}],"_successful":true,"_projectName":"wechatdemo","_moduleName":"entry","_taskName":"default@PreviewProcessResource","_key":":wechatdemo:entry:default@PreviewProcessResource","_executionId":":wechatdemo:entry:default@PreviewProcessResource:1702275698542","_inputFiles":{"dataType":"Map","value":[]},"_outputFiles":{"dataType":"Map","value":[["{\"commandList\":[\"/Users/changwei/Library/Huawei/Sdk/openharmony/9/toolchains/restool\",\"-m\",\"entry\",\"-f\",\"-j\",\"/Users/changwei/DevEcoStudioProjects/wechatdemo/entry/.preview/default/intermediates/process_profile/default/module.json\",\"-p\",\"com.example.wechatdemo\",\"-o\",\"/Users/changwei/DevEcoStudioProjects/wechatdemo/entry/.preview/default/intermediates/res/default\",\"-r\",\"/Users/changwei/DevEcoStudioProjects/wechatdemo/entry/.preview/default/generated/r/default/ResourceTable.h\"],\"inputFiles\":{\"_group\":{}},\"outputFiles\":{\"_group\":{}},\"existsResourceDir\":true,\"restoolLinkParamObj\":{\"appScopeResources\":\"/Users/changwei/DevEcoStudioProjects/wechatdemo/AppScope/resources\",\"moduleResourcesMap\":{},\"harResourcesMap\":{},\"outputPath\":\"/Users/changwei/DevEcoStudioProjects/wechatdemo/entry/.preview/default/intermediates/res/default\",\"linkCommand\":[\"/Users/changwei/Library/Huawei/Sdk/openharmony/9/toolchains/restool\",\"-m\",\"entry\",\"-f\",\"-j\",\"/Users/changwei/DevEcoStudioProjects/wechatdemo/entry/.preview/default/intermediates/process_profile/default/module.json\",\"-p\",\"com.example.wechatdemo\",\"-r\",\"/Users/changwei/DevEcoStudioProjects/wechatdemo/entry/.preview/default/generated/r/default/ResourceTable.h\",\"-z\"]}}",{"isDirectory":false,"fileSnapShotHashValue":""}]]}},":wechatdemo:entry:default@PreviewCompileResource":{"_inputs":[{"dataType":"ValueEntry","value":"{\"_name\":\"PREVIEWER_REPLACE_PAGE\",\"_valueType\":\"undefined\"}"},{"dataType":"ValueEntry","value":"{\"_name\":\"PREVIEWER_REPLACE_SRCPATH\",\"_valueType\":\"undefined\"}"},{"dataType":"ValueEntry","value":"{\"_name\":\"TARGET_CONFIG\",\"_value\":\"{\\\"name\\\":\\\"default\\\",\\\"runtimeOS\\\":\\\"HarmonyOS\\\"}\",\"_valueType\":\"string\"}"},{"dataType":"ValueEntry","value":"{\"_name\":\"BUILTIN_TASK_COMMAND\",\"_value\":\"\",\"_valueType\":\"string\"}"},{"dataType":"ValueEntry","value":"{\"_name\":\"BUILTIN_TASK_TOOLCHAIN\",\"_value\":\"/Users/changwei/Library/Huawei/Sdk/openharmony/9/toolchains/restool\",\"_valueType\":\"string\"}"},{"dataType":"ValueEntry","value":"{\"_name\":\"BUILTIN_TASK_ENV\",\"_value\":\"\",\"_valueType\":\"string\"}"}],"_successful":true,"_projectName":"wechatdemo","_moduleName":"entry","_taskName":"default@PreviewCompileResource","_key":":wechatdemo:entry:default@PreviewCompileResource","_executionId":":wechatdemo:entry:default@PreviewCompileResource:1702275698543","_inputFiles":{"dataType":"Map","value":[["/Users/changwei/DevEcoStudioProjects/wechatdemo/entry/src/main/resources",{"fileSnapShotHashValue":"816f4f70f6cd6d52eaeb159e470cb6cd"}],["/Users/changwei/DevEcoStudioProjects/wechatdemo/AppScope/resources",{"fileSnapShotHashValue":"fc2f592e93ccc7aceb56657c68d4536d"}],["/Users/changwei/DevEcoStudioProjects/wechatdemo/entry/.preview/default/intermediates/process_profile/default/module.json",{"isDirectory":false,"fileSnapShotHashValue":"4e873fe8abf38c62193f1f036b6cf770"}]]},"_outputFiles":{"dataType":"Map","value":[["/Users/changwei/DevEcoStudioProjects/wechatdemo/entry/.preview/default/intermediates/res/default",{"isDirectory":true,"fileSnapShotHashValue":"015ed9cbf04f64cdf9bb42759efa3983"}],["/Users/changwei/DevEcoStudioProjects/wechatdemo/entry/.preview/default/generated/r/default/ResourceTable.h",{"isDirectory":false,"fileSnapShotHashValue":"88c1ca63631c09154f8963a2eb119abf"}],["/Users/changwei/DevEcoStudioProjects/wechatdemo/entry/.preview/default/generated/r/default",{"isDirectory":true,"fileSnapShotHashValue":"6ea73fb4e7674db6fd6129fe722f711c"}]]}},":wechatdemo:entry:default@PreviewUpdateAssets":{"_inputs":[{"dataType":"ValueEntry","value":"{\"_name\":\"BUILTIN_TASK_COMMAND\",\"_value\":\"\",\"_valueType\":\"string\"}"},{"dataType":"ValueEntry","value":"{\"_name\":\"BUILTIN_TASK_TOOLCHAIN\",\"_value\":\"\",\"_valueType\":\"string\"}"},{"dataType":"ValueEntry","value":"{\"_name\":\"BUILTIN_TASK_ENV\",\"_value\":\"\",\"_valueType\":\"string\"}"}],"_successful":true,"_projectName":"wechatdemo","_moduleName":"entry","_taskName":"default@PreviewUpdateAssets","_key":":wechatdemo:entry:default@PreviewUpdateAssets","_executionId":":wechatdemo:entry:default@PreviewUpdateAssets:1702275698580","_inputFiles":{"dataType":"Map","value":[["/Users/changwei/DevEcoStudioProjects/wechatdemo/entry/.preview/config/buildConfig.json",{"isDirectory":false,"fileSnapShotHashValue":"3fcad5997811fde51fe5530b9d0978f5"}]]},"_outputFiles":{"dataType":"Map","value":[["/Users/changwei/DevEcoStudioProjects/wechatdemo/entry/.preview/default/intermediates/res/default/module.json",{"isDirectory":false,"fileSnapShotHashValue":"8c2b020ebf867b46581d238e5333ddc6"}],["/Users/changwei/DevEcoStudioProjects/wechatdemo/entry/.preview/default/intermediates/res/default/resources/base/profile/main_pages.json",{"isDirectory":false,"fileSnapShotHashValue":"619cd031e0439c34ce6f3a797cfa46e3"}]]}},":wechatdemo:entry:default@PreviewArkTS":{"_inputs":[{"dataType":"ValueEntry","value":"{\"_name\":\"debuggable\",\"_value\":true,\"_valueType\":\"boolean\"}"},{"dataType":"ValueEntry","value":"{\"_name\":\"isArk\",\"_value\":true,\"_valueType\":\"boolean\"}"},{"dataType":"ValueEntry","value":"{\"_name\":\"needCoverageInsert\",\"_value\":false,\"_valueType\":\"boolean\"}"},{"dataType":"ValueEntry","value":"{\"_name\":\"arkTsWdiget\",\"_value\":false,\"_valueType\":\"boolean\"}"},{"dataType":"ValueEntry","value":"{\"_name\":\"BUILTIN_TASK_COMMAND\",\"_value\":\"\",\"_valueType\":\"string\"}"},{"dataType":"ValueEntry","value":"{\"_name\":\"BUILTIN_TASK_TOOLCHAIN\",\"_value\":\"\",\"_valueType\":\"string\"}"},{"dataType":"ValueEntry","value":"{\"_name\":\"BUILTIN_TASK_ENV\",\"_value\":\"\",\"_valueType\":\"string\"}"}],"_successful":true,"_projectName":"wechatdemo","_moduleName":"entry","_taskName":"default@PreviewArkTS","_key":":wechatdemo:entry:default@PreviewArkTS","_executionId":":wechatdemo:entry:default@PreviewArkTS:1702275698582","_inputFiles":{"dataType":"Map","value":[["/Users/changwei/DevEcoStudioProjects/wechatdemo/entry/.preview/default/intermediates/loader/default",{"isDirectory":true,"fileSnapShotHashValue":"12edc6ee300dfbf4ba00dc7f9776a3cd"}],["/Users/changwei/DevEcoStudioProjects/wechatdemo/entry/.preview/default/intermediates/res/default/ResourceTable.txt",{"fileSnapShotHashValue":"dd4115fa1d282f28158dd770a2146306"}],["/Users/changwei/DevEcoStudioProjects/wechatdemo/entry/.preview/default/intermediates/res/default/module.json",{"fileSnapShotHashValue":"8c2b020ebf867b46581d238e5333ddc6"}],["/Users/changwei/DevEcoStudioProjects/wechatdemo/entry/.preview/default/intermediates/res/default/resources/base/profile",{"isDirectory":true,"fileSnapShotHashValue":"72f5b144f1fbd8ad940ec0e3ac4f1486"}],["/Users/changwei/DevEcoStudioProjects/wechatdemo/entry/src/main/ets",{"isDirectory":true,"fileSnapShotHashValue":"135dc31836ce27e2c94ff4095598a99f"}]]},"_outputFiles":{"dataType":"Map","value":[["/Users/changwei/DevEcoStudioProjects/wechatdemo/entry/.preview/default/intermediates/loader_out/default/ets",{"isDirectory":true,"fileSnapShotHashValue":""}]]}},":wechatdemo:entry:default@GenerateMetadata":{"_inputs":[{"dataType":"ValueEntry","value":"{\"_name\":\"BUILTIN_TASK_COMMAND\",\"_value\":\"\",\"_valueType\":\"string\"}"},{"dataType":"ValueEntry","value":"{\"_name\":\"BUILTIN_TASK_ENV\",\"_value\":\"\",\"_valueType\":\"string\"}"},{"dataType":"ValueEntry","value":"{\"_name\":\"BUILTIN_TASK_TOOLCHAIN\",\"_value\":\"\",\"_valueType\":\"string\"}"},{"dataType":"ValueEntry","value":"{\"_name\":\"entryModules\",\"_value\":[],\"_valueType\":\"object\"}"},{"dataType":"ValueEntry","value":"{\"_name\":\"existSigningConfig\",\"_value\":false,\"_valueType\":\"boolean\"}"},{"dataType":"ValueEntry","value":"{\"_name\":\"moduleDeviceType\",\"_value\":[\"phone\",\"tablet\"],\"_valueType\":\"object\"}"},{"dataType":"ValueEntry","value":"{\"_name\":\"product\",\"_value\":\"default\",\"_valueType\":\"string\"}"},{"dataType":"ValueEntry","value":"{\"_name\":\"sdkToolchainsComponentVersion\",\"_value\":\"3.2.12.5\",\"_valueType\":\"string\"}"},{"dataType":"ValueEntry","value":"{\"_name\":\"targetConfig\",\"_value\":\"{\\\"name\\\":\\\"default\\\",\\\"runtimeOS\\\":\\\"HarmonyOS\\\"}\",\"_valueType\":\"string\"}"}],"_successful":true,"_projectName":"wechatdemo","_moduleName":"entry","_taskName":"default@GenerateMetadata","_key":":wechatdemo:entry:default@GenerateMetadata","_executionId":":wechatdemo:entry:default@GenerateMetadata:1702000024070","_inputFiles":{"dataType":"Map","value":[["/Users/changwei/DevEcoStudioProjects/wechatdemo/entry/src/main/module.json5",{"fileSnapShotHashValue":"346ed7956c703eced774f795d722aed4"}]]},"_outputFiles":{"dataType":"Map","value":[["/Users/changwei/DevEcoStudioProjects/wechatdemo/entry/build/default/intermediates/hap_metadata/default/output_metadata.json",{"fileSnapShotHashValue":"e4e5fbdb4c4a3d7441e5407e63713b7a"}]]}},":wechatdemo:entry:default@MakePackInfo":{"_inputs":[{"dataType":"ValueEntry","value":"{\"_name\":\"BUILTIN_TASK_COMMAND\",\"_value\":\"\",\"_valueType\":\"string\"}"},{"dataType":"ValueEntry","value":"{\"_name\":\"BUILTIN_TASK_ENV\",\"_value\":\"\",\"_valueType\":\"string\"}"},{"dataType":"ValueEntry","value":"{\"_name\":\"BUILTIN_TASK_TOOLCHAIN\",\"_value\":\"\",\"_valueType\":\"string\"}"},{"dataType":"ValueEntry","value":"{\"_name\":\"compatibleSdkVersion\",\"_value\":9,\"_valueType\":\"number\"}"},{"dataType":"ValueEntry","value":"{\"_name\":\"compileSdkVersion\",\"_value\":9,\"_valueType\":\"number\"}"},{"dataType":"ValueEntry","value":"{\"_name\":\"deviceTypes\",\"_value\":[\"phone\",\"tablet\"],\"_valueType\":\"object\"}"},{"dataType":"ValueEntry","value":"{\"_name\":\"releaseType\",\"_value\":\"Release\",\"_valueType\":\"string\"}"}],"_successful":true,"_projectName":"wechatdemo","_moduleName":"entry","_taskName":"default@MakePackInfo","_key":":wechatdemo:entry:default@MakePackInfo","_executionId":":wechatdemo:entry:default@MakePackInfo:1702000024078","_inputFiles":{"dataType":"Map","value":[["/Users/changwei/DevEcoStudioProjects/wechatdemo/AppScope/app.json5",{"fileSnapShotHashValue":"0b06e44598853d3b81ec871594e5e725"}],["/Users/changwei/DevEcoStudioProjects/wechatdemo/entry/src/main/module.json5",{"fileSnapShotHashValue":"346ed7956c703eced774f795d722aed4"}]]},"_outputFiles":{"dataType":"Map","value":[["/Users/changwei/DevEcoStudioProjects/wechatdemo/entry/build/default/outputs/default/pack.info",{"fileSnapShotHashValue":"538e475fbc60545746385dd9833380be"}]]}},":wechatdemo:entry:default@ProcessResource":{"_inputs":[{"dataType":"ValueEntry","value":"{\"_name\":\"BUILTIN_TASK_COMMAND\",\"_value\":\"\",\"_valueType\":\"string\"}"},{"dataType":"ValueEntry","value":"{\"_name\":\"BUILTIN_TASK_ENV\",\"_value\":\"\",\"_valueType\":\"string\"}"},{"dataType":"ValueEntry","value":"{\"_name\":\"BUILTIN_TASK_TOOLCHAIN\",\"_value\":\"\",\"_valueType\":\"string\"}"},{"dataType":"ValueEntry","value":"{\"_name\":\"resConfigJsonContent\",\"_value\":\"{\\\"configPath\\\":\\\"/Users/changwei/DevEcoStudioProjects/wechatdemo/entry/build/default/intermediates/process_profile/default/module.json\\\",\\\"packageName\\\":\\\"com.example.wechatdemo\\\",\\\"output\\\":\\\"/Users/changwei/DevEcoStudioProjects/wechatdemo/entry/build/default/intermediates/res/default\\\",\\\"moduleNames\\\":\\\"entry\\\",\\\"ResourceTable\\\":[\\\"/Users/changwei/DevEcoStudioProjects/wechatdemo/entry/build/default/generated/r/default/ResourceTable.h\\\"],\\\"applicationResource\\\":\\\"/Users/changwei/DevEcoStudioProjects/wechatdemo/AppScope/resources\\\",\\\"moduleResources\\\":[\\\"/Users/changwei/DevEcoStudioProjects/wechatdemo/entry/src/main/resources\\\"],\\\"dependencies\\\":[]}\",\"_valueType\":\"string\"}"}],"_successful":true,"_projectName":"wechatdemo","_moduleName":"entry","_taskName":"default@ProcessResource","_key":":wechatdemo:entry:default@ProcessResource","_executionId":":wechatdemo:entry:default@ProcessResource:1701932183907","_inputFiles":{"dataType":"Map","value":[]},"_outputFiles":{"dataType":"Map","value":[["/Users/changwei/DevEcoStudioProjects/wechatdemo/entry/build/default/intermediates/res/default/resConfig.json",{"isDirectory":false,"fileSnapShotHashValue":"47f1c48a0969b3d5aabffc467ff1bf5e"}]]}},":wechatdemo:entry:default@ProcessLibs":{"_inputs":[{"dataType":"ValueEntry","value":"{\"_name\":\"BUILTIN_TASK_COMMAND\",\"_value\":\"\",\"_valueType\":\"string\"}"},{"dataType":"ValueEntry","value":"{\"_name\":\"BUILTIN_TASK_ENV\",\"_value\":\"\",\"_valueType\":\"string\"}"},{"dataType":"ValueEntry","value":"{\"_name\":\"BUILTIN_TASK_TOOLCHAIN\",\"_value\":\"\",\"_valueType\":\"string\"}"}],"_successful":true,"_projectName":"wechatdemo","_moduleName":"entry","_taskName":"default@ProcessLibs","_key":":wechatdemo:entry:default@ProcessLibs","_executionId":":wechatdemo:entry:default@ProcessLibs:1701932183908","_inputFiles":{"dataType":"Map","value":[]},"_outputFiles":{"dataType":"Map","value":[["/Users/changwei/DevEcoStudioProjects/wechatdemo/entry/build/default/intermediates/libs/default",{"isDirectory":true,"fileSnapShotHashValue":""}]]}},":wechatdemo:entry:default@CompileResource":{"_inputs":[{"dataType":"ValueEntry","value":"{\"_name\":\"TARGET_CONFIG\",\"_value\":\"{\\\"name\\\":\\\"default\\\",\\\"runtimeOS\\\":\\\"HarmonyOS\\\"}\",\"_valueType\":\"string\"}"},{"dataType":"ValueEntry","value":"{\"_name\":\"BUILTIN_TASK_COMMAND\",\"_value\":\"/Users/changwei/Library/Huawei/Sdk/openharmony/9/toolchains/restool,-l,/Users/changwei/DevEcoStudioProjects/wechatdemo/entry/build/default/intermediates/res/default/resConfig.json\",\"_valueType\":\"string\"}"},{"dataType":"ValueEntry","value":"{\"_name\":\"BUILTIN_TASK_TOOLCHAIN\",\"_value\":\"/Users/changwei/Library/Huawei/Sdk/openharmony/9/toolchains/restool\",\"_valueType\":\"string\"}"},{"dataType":"ValueEntry","value":"{\"_name\":\"BUILTIN_TASK_ENV\",\"_value\":\"\",\"_valueType\":\"string\"}"}],"_successful":true,"_projectName":"wechatdemo","_moduleName":"entry","_taskName":"default@CompileResource","_key":":wechatdemo:entry:default@CompileResource","_executionId":":wechatdemo:entry:default@CompileResource:1702268806361","_inputFiles":{"dataType":"Map","value":[["/Users/changwei/DevEcoStudioProjects/wechatdemo/entry/src/main/resources",{"fileSnapShotHashValue":"816f4f70f6cd6d52eaeb159e470cb6cd"}],["/Users/changwei/DevEcoStudioProjects/wechatdemo/AppScope/resources",{"fileSnapShotHashValue":"fc2f592e93ccc7aceb56657c68d4536d"}],["/Users/changwei/DevEcoStudioProjects/wechatdemo/entry/build/default/intermediates/process_profile/default/module.json",{"isDirectory":false,"fileSnapShotHashValue":"5805ec0fe3eb2c668a3fde8027f6cdb6"}],["/Users/changwei/DevEcoStudioProjects/wechatdemo/entry/build/default/intermediates/res/default/resConfig.json",{"isDirectory":false,"fileSnapShotHashValue":"47f1c48a0969b3d5aabffc467ff1bf5e"}]]},"_outputFiles":{"dataType":"Map","value":[["/Users/changwei/DevEcoStudioProjects/wechatdemo/entry/build/default/intermediates/res/default",{"isDirectory":true,"fileSnapShotHashValue":"98642770700fe0505167dd2ea90c7612"}],["/Users/changwei/DevEcoStudioProjects/wechatdemo/entry/build/default/generated/r/default/ResourceTable.h",{"isDirectory":false,"fileSnapShotHashValue":"f09152e7f77c1e16e165eb2dd60a3b8a"}],["/Users/changwei/DevEcoStudioProjects/wechatdemo/entry/build/default/generated/r/default",{"isDirectory":true,"fileSnapShotHashValue":"7bb0750ace186a3b4577d440f51b62ee"}]]}},":wechatdemo:entry:default@CompileArkTS":{"_inputs":[{"dataType":"ValueEntry","value":"{\"_name\":\"debuggable\",\"_value\":true,\"_valueType\":\"boolean\"}"},{"dataType":"ValueEntry","value":"{\"_name\":\"isArk\",\"_value\":true,\"_valueType\":\"boolean\"}"},{"dataType":"ValueEntry","value":"{\"_name\":\"needCoverageInsert\",\"_value\":false,\"_valueType\":\"boolean\"}"},{"dataType":"ValueEntry","value":"{\"_name\":\"arkTsWdiget\",\"_value\":false,\"_valueType\":\"boolean\"}"},{"dataType":"ValueEntry","value":"{\"_name\":\"BUILTIN_TASK_COMMAND\",\"_value\":\"\",\"_valueType\":\"string\"}"},{"dataType":"ValueEntry","value":"{\"_name\":\"BUILTIN_TASK_TOOLCHAIN\",\"_value\":\"\",\"_valueType\":\"string\"}"},{"dataType":"ValueEntry","value":"{\"_name\":\"BUILTIN_TASK_ENV\",\"_value\":\"\",\"_valueType\":\"string\"}"}],"_successful":true,"_projectName":"wechatdemo","_moduleName":"entry","_taskName":"default@CompileArkTS","_key":":wechatdemo:entry:default@CompileArkTS","_executionId":":wechatdemo:entry:default@CompileArkTS:1702268806390","_inputFiles":{"dataType":"Map","value":[["/Users/changwei/DevEcoStudioProjects/wechatdemo/entry/build/default/intermediates/loader/default",{"isDirectory":true,"fileSnapShotHashValue":"4be96932b2571c65be65fcd1c1af0b6f"}],["/Users/changwei/DevEcoStudioProjects/wechatdemo/entry/build/default/intermediates/res/default/ResourceTable.txt",{"fileSnapShotHashValue":"a5a8cb2fedf264d8ffd773dd740939b3"}],["/Users/changwei/DevEcoStudioProjects/wechatdemo/entry/build/default/intermediates/res/default/module.json",{"fileSnapShotHashValue":"a45282ff8ad5c49102badf2ecc27a32d"}],["/Users/changwei/DevEcoStudioProjects/wechatdemo/entry/build/default/intermediates/res/default/resources/base/profile",{"isDirectory":true,"fileSnapShotHashValue":"8903ea03e82a381d5b5fc5cfd633f6cd"}],["/Users/changwei/DevEcoStudioProjects/wechatdemo/entry/src/main/ets",{"isDirectory":true,"fileSnapShotHashValue":"dcfbff0c622150c581c27328e7f92f3d"}]]},"_outputFiles":{"dataType":"Map","value":[["/Users/changwei/DevEcoStudioProjects/wechatdemo/entry/build/default/intermediates/loader_out/default/ets",{"isDirectory":true,"fileSnapShotHashValue":"9e5ae25b063e6cac68ce43a70273f1a2"}]]}},":wechatdemo:entry:default@CompileJS":{"_inputs":[{"dataType":"ValueEntry","value":"{\"_name\":\"debuggable\",\"_value\":true,\"_valueType\":\"boolean\"}"},{"dataType":"ValueEntry","value":"{\"_name\":\"isArk\",\"_value\":true,\"_valueType\":\"boolean\"}"},{"dataType":"ValueEntry","value":"{\"_name\":\"needCoverageInsert\",\"_value\":false,\"_valueType\":\"boolean\"}"},{"dataType":"ValueEntry","value":"{\"_name\":\"BUILTIN_TASK_COMMAND\",\"_value\":\"\",\"_valueType\":\"string\"}"},{"dataType":"ValueEntry","value":"{\"_name\":\"BUILTIN_TASK_TOOLCHAIN\",\"_value\":\"\",\"_valueType\":\"string\"}"},{"dataType":"ValueEntry","value":"{\"_name\":\"BUILTIN_TASK_ENV\",\"_value\":\"\",\"_valueType\":\"string\"}"}],"_successful":true,"_projectName":"wechatdemo","_moduleName":"entry","_taskName":"default@CompileJS","_key":":wechatdemo:entry:default@CompileJS","_executionId":":wechatdemo:entry:default@CompileJS:1702268806397","_inputFiles":{"dataType":"Map","value":[["/Users/changwei/DevEcoStudioProjects/wechatdemo/entry/build/default/intermediates/loader/default",{"isDirectory":true,"fileSnapShotHashValue":"4be96932b2571c65be65fcd1c1af0b6f"}],["/Users/changwei/DevEcoStudioProjects/wechatdemo/entry/build/default/intermediates/res/default/ResourceTable.txt",{"fileSnapShotHashValue":"a5a8cb2fedf264d8ffd773dd740939b3"}],["/Users/changwei/DevEcoStudioProjects/wechatdemo/entry/build/default/intermediates/res/default/module.json",{"fileSnapShotHashValue":"a45282ff8ad5c49102badf2ecc27a32d"}],["/Users/changwei/DevEcoStudioProjects/wechatdemo/entry/build/default/intermediates/res/default/resources/base/profile",{"isDirectory":true,"fileSnapShotHashValue":"8903ea03e82a381d5b5fc5cfd633f6cd"}]]},"_outputFiles":{"dataType":"Map","value":[["/Users/changwei/DevEcoStudioProjects/wechatdemo/entry/build/default/intermediates/loader_out/default/js",{"isDirectory":true,"fileSnapShotHashValue":""}]]}},":wechatdemo:entry:default@PackageHap":{"_inputs":[{"dataType":"ValueEntry","value":"{\"_name\":\"hotReload\",\"_value\":false,\"_valueType\":\"boolean\"}"},{"dataType":"ValueEntry","value":"{\"_name\":\"BUILTIN_TASK_COMMAND\",\"_value\":\"java,-Dfile.encoding=utf-8,-jar,/Users/changwei/Library/Huawei/Sdk/openharmony/9/toolchains/lib/app_packing_tool.jar,--mode,hap,--force,true,--lib-path,/Users/changwei/DevEcoStudioProjects/wechatdemo/entry/build/default/intermediates/libs/default,--json-path,/Users/changwei/DevEcoStudioProjects/wechatdemo/entry/build/default/intermediates/res/default/module.json,--resources-path,/Users/changwei/DevEcoStudioProjects/wechatdemo/entry/build/default/intermediates/res/default/resources,--index-path,/Users/changwei/DevEcoStudioProjects/wechatdemo/entry/build/default/intermediates/res/default/resources.index,--pack-info-path,/Users/changwei/DevEcoStudioProjects/wechatdemo/entry/build/default/outputs/default/pack.info,--out-path,/Users/changwei/DevEcoStudioProjects/wechatdemo/entry/build/default/outputs/default/entry-default-unsigned.hap,--ets-path,/Users/changwei/DevEcoStudioProjects/wechatdemo/entry/build/default/intermediates/loader_out/default/ets\",\"_valueType\":\"string\"}"},{"dataType":"ValueEntry","value":"{\"_name\":\"BUILTIN_TASK_TOOLCHAIN\",\"_value\":\"/Users/changwei/Library/Huawei/Sdk/openharmony/9/toolchains/lib/app_packing_tool.jar\",\"_valueType\":\"string\"}"},{"dataType":"ValueEntry","value":"{\"_name\":\"BUILTIN_TASK_ENV\",\"_value\":\"\",\"_valueType\":\"string\"}"}],"_successful":true,"_projectName":"wechatdemo","_moduleName":"entry","_taskName":"default@PackageHap","_key":":wechatdemo:entry:default@PackageHap","_executionId":":wechatdemo:entry:default@PackageHap:1702268809051","_inputFiles":{"dataType":"Map","value":[["/Users/changwei/DevEcoStudioProjects/wechatdemo/entry/build/default/intermediates/libs/default",{"isDirectory":false,"fileSnapShotHashValue":""}],["/Users/changwei/DevEcoStudioProjects/wechatdemo/entry/build/default/intermediates/res/default/module.json",{"isDirectory":false,"fileSnapShotHashValue":"a45282ff8ad5c49102badf2ecc27a32d"}],["/Users/changwei/DevEcoStudioProjects/wechatdemo/entry/build/default/intermediates/res/default/resources",{"isDirectory":false,"fileSnapShotHashValue":"86e21780f80fceaf3d61f3dc0a96aa23"}],["/Users/changwei/DevEcoStudioProjects/wechatdemo/entry/build/default/intermediates/res/default/resources.index",{"isDirectory":false,"fileSnapShotHashValue":"4bf20d33ab9383c74261f26d3d5a19e8"}],["/Users/changwei/DevEcoStudioProjects/wechatdemo/entry/build/default/outputs/default/pack.info",{"isDirectory":false,"fileSnapShotHashValue":"538e475fbc60545746385dd9833380be"}],["/Users/changwei/DevEcoStudioProjects/wechatdemo/entry/build/default/intermediates/loader_out/default/ets",{"isDirectory":false,"fileSnapShotHashValue":"9e5ae25b063e6cac68ce43a70273f1a2"}]]},"_outputFiles":{"dataType":"Map","value":[["/Users/changwei/DevEcoStudioProjects/wechatdemo/entry/build/default/outputs/default/entry-default-unsigned.hap",{"isDirectory":false,"fileSnapShotHashValue":"543a198c684b9384b109c947eb38bc90"}]]}},":wechatdemo:entry:default@SignHap":{"_inputs":[{"dataType":"ValueEntry","value":"{\"_name\":\"sdkToolchainsComponentVersion\",\"_value\":\"3.2.12.5\",\"_valueType\":\"string\"}"},{"dataType":"ValueEntry","value":"{\"_name\":\"existSigningConfig\",\"_value\":false,\"_valueType\":\"boolean\"}"},{"dataType":"ValueEntry","value":"{\"_name\":\"BUILTIN_TASK_COMMAND\",\"_value\":\"\",\"_valueType\":\"string\"}"},{"dataType":"ValueEntry","value":"{\"_name\":\"BUILTIN_TASK_TOOLCHAIN\",\"_value\":\"\",\"_valueType\":\"string\"}"},{"dataType":"ValueEntry","value":"{\"_name\":\"BUILTIN_TASK_ENV\",\"_value\":\"\",\"_valueType\":\"string\"}"}],"_successful":true,"_projectName":"wechatdemo","_moduleName":"entry","_taskName":"default@SignHap","_key":":wechatdemo:entry:default@SignHap","_executionId":":wechatdemo:entry:default@SignHap:1702268809619","_inputFiles":{"dataType":"Map","value":[["/Users/changwei/DevEcoStudioProjects/wechatdemo/entry/build/default/outputs/default/entry-default-unsigned.hap",{"isDirectory":false,"fileSnapShotHashValue":"543a198c684b9384b109c947eb38bc90"}]]},"_outputFiles":{"dataType":"Map","value":[["/Users/changwei/DevEcoStudioProjects/wechatdemo/entry/build/default/outputs/default/entry-default-signed.hap",{"isDirectory":false,"fileSnapShotHashValue":""}]]}}}