{
  "string": [
    {
      "name": "module_desc",
      "value": "description"
    },
    {
      "name": "EntryAbility_desc",
      "value": "description"
    },
    {
      "name": "EntryAbility_label",
      "value": "newsData"
    },
    {
      "name": "pull_up_load_text",
      "value": "Loading in..."
    },
    {
      "name": "pull_down_refresh_text",
      "value": "The drop-down refresh"
    },
    {
      "name": "release_refresh_text",
      "value": "Loosen the refresh"
    },
    {
      "name": "refreshing_text",
      "value": "Is refreshing"
    },
    {
      "name": "refresh_success_text",
      "value": "Refresh the success"
    },
    {
      "name": "refresh_fail_text",
      "value": "Refresh the failure"
    },
    {
      "name": "http_error_message",
      "value": "Network request failed, please try later!"
    },
    {
      "name": "page_none_msg",
      "value": "Network loading failure"
    },
    {
      "name": "prompt_message",
      "value": "No more data"
    },
    {
      "name": "dependency_reason",
      "value": "Used to initiate network data requests."
    }
  ]
}