{
  "float": [
    {
      "name": "checkbox_width",
      "value": "28vp"
    },
    {
      "name": "checkbox_margin",
      "value": "20vp"
    },
    {
      "name": "item_font_size",
      "value": "20fp"
    },
    {
      "name": "title_font_size",
      "value": "28fp"
    },
    {
      "name": "title_font_height",
      "value": "33vp"
    },
    {
      "name": "title_margin_top",
      "value": "24vp"
    },
    {
      "name": "title_margin_bottom",
      "value": "12vp"
    },
    {
      "name": "list_item_height",
      "value": "64vp"
    }
  ]
}