{"APP_RESOURCES":"C:\\Users\\amy\\projects\\MyApplication\\AppScope\\resources","MODULE_RESOURCES":"{\"C:\\\\Users\\\\amy\\\\projects\\\\MyApplication\\\\entry\\\\src\\\\main\\\\resources\":\"module_compiled\"}","HAR_RESOURCES":"{\"C:\\\\Users\\\\amy\\\\projects\\\\MyApplication\\\\oh_modules\\\\.ohpm\\\\@ohos+axios@2.1.1\\\\oh_modules\\\\@ohos\\\\axios\\\\src\\\\main\\\\resources\":\"har_compiled\"}","PREVIEW_GENERATE_SOURCE_DIR":"C:\\Users\\amy\\projects\\MyApplication\\entry\\.preview\\default\\generated\\r\\default","PREVIEW_COMPILE_MODULE_NAMES":"entry"}
