{"deviceType":"phone,tablet","checkEntry":"true","localPropertiesPath":"C:\\Users\\amy\\projects\\MyApplication\\local.properties","Path":"C:\\Users\\amy\\nodejs\\","note":"false","aceProfilePath":"C:\\Users\\amy\\projects\\MyApplication\\entry\\.preview\\default\\intermediates\\res\\default\\resources\\base\\profile","isPreview":"true","hapMode":"false","buildMode":"debug","img2bin":"true","projectProfilePath":"C:\\Users\\amy\\projects\\MyApplication\\build-profile.json5","watchMode":"true","appResource":"C:\\Users\\amy\\projects\\MyApplication\\entry\\.preview\\default\\intermediates\\res\\default\\ResourceTable.txt","logLevel":"3","stageRouterConfig":{"contents":["{\"module\":{\"pages\":\"$profile:main_pages\",\"name\":\"entry\"}}","{\"src\":[\"pages/Index\",\"pages/ImagePage\",\"pages/ItemPage\",\"pages/StatePage\",\"pages/PropPage\",\"pages/LifeCirclePage\",\"pages/TestPage1\",\"pages/TestPage2\",\"pages/AnimationPage\",\"pages/AnimationPage2\",\"pages/DocumentListPage\",\"pages/DocumentPage\",\"pages/ShopPage\",\"pages/TaskManagePage\",\"pages/NotificationPage\"]}"],"paths":["C:\\Users\\amy\\projects\\MyApplication\\entry\\.preview\\default\\intermediates\\res\\default\\module.json","C:\\Users\\amy\\projects\\MyApplication\\entry\\.preview\\default\\intermediates\\res\\default\\resources\\base\\profile\\main_pages.json"]},"port":"29901","aceBuildJson":"C:\\Users\\amy\\projects\\MyApplication\\entry\\.preview\\default\\intermediates\\loader\\default\\loader.json","aceModuleRoot":"C:\\Users\\amy\\projects\\MyApplication\\entry\\src\\main\\ets","aceSoPath":"C:\\Users\\amy\\projects\\MyApplication\\entry\\.preview\\cache\\nativeDependencies.txt","cachePath":"C:\\Users\\amy\\projects\\MyApplication\\entry\\.preview\\cache","aceModuleBuild":"C:\\Users\\amy\\projects\\MyApplication\\entry\\.preview\\default\\intermediates\\assets\\default\\ets","aceSuperVisualPath":"C:\\Users\\amy\\projects\\MyApplication\\entry\\src\\main\\supervisual","aceModuleJsonPath":"C:\\Users\\amy\\projects\\MyApplication\\entry\\.preview\\default\\intermediates\\res\\default\\module.json"}