{
  "version": "1.0",
  "workerIdList": [
    -1,
    2,
    0
  ],
  "metrics": [
    {
      "type": "build_line",
      "endTime": 1702257454874,
      "status": "closed",
      "children": [],
      "name": "overallTime",
      "taskName": "init",
      "taskPath": "entry",
      "workerId": -1,
      "startTime": 1702257454873
    },
    {
      "type": "build_line",
      "endTime": 1702257454877,
      "status": "closed",
      "children": [],
      "name": "overallTime",
      "taskName": "init",
      "taskPath": "wechatdemo",
      "workerId": -1,
      "startTime": 1702257454877
    },
    {
      "type": "build_line",
      "endTime": 1702257463763,
      "status": "closed",
      "children": [],
      "name": "overallTime",
      "taskName": "default@PreBuild",
      "taskPath": "entry",
      "workerId": -1,
      "startTime": 1702257463761
    },
    {
      "type": "build_line",
      "endTime": 1702257463765,
      "status": "closed",
      "children": [],
      "name": "overallTime",
      "taskName": "default@MergeProfile",
      "taskPath": "entry",
      "workerId": -1,
      "startTime": 1702257463763
    },
    {
      "type": "build_line",
      "endTime": 1702257463768,
      "status": "closed",
      "children": [],
      "name": "overallTime",
      "taskName": "default@GenerateLoaderJson",
      "taskPath": "entry",
      "workerId": -1,
      "startTime": 1702257463766
    },
    {
      "type": "build_line",
      "endTime": 1702257463814,
      "status": "closed",
      "children": [],
      "name": "overallTime",
      "taskName": "default@ProcessProfile",
      "taskPath": "entry",
      "workerId": -1,
      "startTime": 1702257463770
    },
    {
      "type": "build_line",
      "endTime": 1702257463817,
      "status": "closed",
      "children": [],
      "name": "overallTime",
      "taskName": "default@PreviewProcessResource",
      "taskPath": "entry",
      "workerId": -1,
      "startTime": 1702257463816
    },
    {
      "type": "build_line",
      "endTime": 1702257463864,
      "status": "closed",
      "children": [],
      "name": "overallTime",
      "taskName": "default@PreviewCompileResource",
      "taskPath": "entry",
      "workerId": -1,
      "startTime": 1702257463818
    },
    {
      "type": "build_line",
      "endTime": 1702257463865,
      "status": "closed",
      "children": [],
      "name": "overallTime",
      "taskName": "default@PreviewHookCompileResource",
      "taskPath": "entry",
      "workerId": -1,
      "startTime": 1702257463865
    },
    {
      "type": "build_line",
      "endTime": 1702257463868,
      "status": "closed",
      "children": [],
      "name": "overallTime",
      "taskName": "default@ReplacePreviewerPage",
      "taskPath": "entry",
      "workerId": -1,
      "startTime": 1702257463866
    },
    {
      "type": "build_line",
      "endTime": 1702257463868,
      "status": "closed",
      "children": [],
      "name": "overallTime",
      "taskName": "buildPreviewerResource",
      "taskPath": "entry",
      "workerId": -1,
      "startTime": 1702257463868
    },
    {
      "type": "build_line",
      "endTime": 1702257463870,
      "status": "closed",
      "children": [],
      "name": "overallTime",
      "taskName": "default@PreviewUpdateAssets",
      "taskPath": "entry",
      "workerId": -1,
      "startTime": 1702257463869
    },
    {
      "type": "build_line",
      "endTime": 1702257466198,
      "status": "closed",
      "children": [],
      "name": "overallTime",
      "taskName": "default@PreviewArkTS",
      "taskPath": "entry",
      "workerId": -1,
      "startTime": 1702257463870
    },
    {
      "type": "build_line",
      "endTime": 1702257466201,
      "status": "closed",
      "children": [],
      "name": "overallTime",
      "taskName": "PreviewBuild",
      "taskPath": "entry",
      "workerId": -1,
      "startTime": 1702257466201
    },
    {
      "type": "build_line",
      "endTime": 1702262369088,
      "status": "closed",
      "children": [],
      "name": "overallTime",
      "taskName": "default@PreBuild",
      "taskPath": "entry",
      "workerId": -1,
      "startTime": 1702262369087
    },
    {
      "type": "build_line",
      "endTime": 1702262369088,
      "status": "closed",
      "children": [],
      "name": "overallTime",
      "taskName": "default@MergeProfile",
      "taskPath": "entry",
      "workerId": -1,
      "startTime": 1702262369088
    },
    {
      "type": "build_line",
      "endTime": 1702262369090,
      "status": "closed",
      "children": [],
      "name": "overallTime",
      "taskName": "default@GenerateLoaderJson",
      "taskPath": "entry",
      "workerId": -1,
      "startTime": 1702262369090
    },
    {
      "type": "build_line",
      "endTime": 1702262369093,
      "status": "closed",
      "children": [],
      "name": "overallTime",
      "taskName": "default@ProcessProfile",
      "taskPath": "entry",
      "workerId": -1,
      "startTime": 1702262369092
    },
    {
      "type": "build_line",
      "endTime": 1702262369096,
      "status": "closed",
      "children": [],
      "name": "overallTime",
      "taskName": "default@PreviewProcessResource",
      "taskPath": "entry",
      "workerId": -1,
      "startTime": 1702262369095
    },
    {
      "type": "build_line",
      "endTime": 1702262369134,
      "status": "closed",
      "children": [],
      "name": "overallTime",
      "taskName": "default@PreviewCompileResource",
      "taskPath": "entry",
      "workerId": -1,
      "startTime": 1702262369098
    },
    {
      "type": "build_line",
      "endTime": 1702262369140,
      "status": "closed",
      "children": [],
      "name": "overallTime",
      "taskName": "default@PreviewHookCompileResource",
      "taskPath": "entry",
      "workerId": -1,
      "startTime": 1702262369140
    },
    {
      "type": "build_line",
      "endTime": 1702262369142,
      "status": "closed",
      "children": [],
      "name": "overallTime",
      "taskName": "default@ReplacePreviewerPage",
      "taskPath": "entry",
      "workerId": -1,
      "startTime": 1702262369141
    },
    {
      "type": "build_line",
      "endTime": 1702262369142,
      "status": "closed",
      "children": [],
      "name": "overallTime",
      "taskName": "buildPreviewerResource",
      "taskPath": "entry",
      "workerId": -1,
      "startTime": 1702262369142
    },
    {
      "type": "build_line",
      "endTime": 1702262369144,
      "status": "closed",
      "children": [],
      "name": "overallTime",
      "taskName": "default@PreviewUpdateAssets",
      "taskPath": "entry",
      "workerId": -1,
      "startTime": 1702262369143
    },
    {
      "type": "build_line",
      "endTime": 1702262371229,
      "status": "closed",
      "children": [],
      "name": "overallTime",
      "taskName": "default@PreviewArkTS",
      "taskPath": "entry",
      "workerId": -1,
      "startTime": 1702262369144
    },
    {
      "type": "build_line",
      "endTime": 1702262371231,
      "status": "closed",
      "children": [],
      "name": "overallTime",
      "taskName": "PreviewBuild",
      "taskPath": "entry",
      "workerId": -1,
      "startTime": 1702262371231
    },
    {
      "type": "build_line",
      "endTime": 1702262387370,
      "status": "closed",
      "children": [],
      "name": "overallTime",
      "taskName": "default@PreBuild",
      "taskPath": "entry",
      "workerId": -1,
      "startTime": 1702262387369
    },
    {
      "type": "build_line",
      "endTime": 1702262387371,
      "status": "closed",
      "children": [],
      "name": "overallTime",
      "taskName": "default@MergeProfile",
      "taskPath": "entry",
      "workerId": -1,
      "startTime": 1702262387370
    },
    {
      "type": "build_line",
      "endTime": 1702262387372,
      "status": "closed",
      "children": [],
      "name": "overallTime",
      "taskName": "default@GenerateLoaderJson",
      "taskPath": "entry",
      "workerId": -1,
      "startTime": 1702262387372
    },
    {
      "type": "build_line",
      "endTime": 1702262387374,
      "status": "closed",
      "children": [],
      "name": "overallTime",
      "taskName": "default@ProcessProfile",
      "taskPath": "entry",
      "workerId": -1,
      "startTime": 1702262387374
    },
    {
      "type": "build_line",
      "endTime": 1702262387375,
      "status": "closed",
      "children": [],
      "name": "overallTime",
      "taskName": "default@PreviewProcessResource",
      "taskPath": "entry",
      "workerId": -1,
      "startTime": 1702262387374
    },
    {
      "type": "build_line",
      "endTime": 1702262387378,
      "status": "closed",
      "children": [],
      "name": "overallTime",
      "taskName": "default@PreviewCompileResource",
      "taskPath": "entry",
      "workerId": -1,
      "startTime": 1702262387376
    },
    {
      "type": "build_line",
      "endTime": 1702262387378,
      "status": "closed",
      "children": [],
      "name": "overallTime",
      "taskName": "default@PreviewHookCompileResource",
      "taskPath": "entry",
      "workerId": -1,
      "startTime": 1702262387378
    },
    {
      "type": "build_line",
      "endTime": 1702262387380,
      "status": "closed",
      "children": [],
      "name": "overallTime",
      "taskName": "default@ReplacePreviewerPage",
      "taskPath": "entry",
      "workerId": -1,
      "startTime": 1702262387380
    },
    {
      "type": "build_line",
      "endTime": 1702262387380,
      "status": "closed",
      "children": [],
      "name": "overallTime",
      "taskName": "buildPreviewerResource",
      "taskPath": "entry",
      "workerId": -1,
      "startTime": 1702262387380
    },
    {
      "type": "build_line",
      "endTime": 1702262387382,
      "status": "closed",
      "children": [],
      "name": "overallTime",
      "taskName": "default@PreviewUpdateAssets",
      "taskPath": "entry",
      "workerId": -1,
      "startTime": 1702262387381
    },
    {
      "type": "build_line",
      "endTime": 1702262389256,
      "status": "closed",
      "children": [],
      "name": "overallTime",
      "taskName": "default@PreviewArkTS",
      "taskPath": "entry",
      "workerId": -1,
      "startTime": 1702262387382
    },
    {
      "type": "build_line",
      "endTime": 1702262389258,
      "status": "closed",
      "children": [],
      "name": "overallTime",
      "taskName": "PreviewBuild",
      "taskPath": "entry",
      "workerId": -1,
      "startTime": 1702262389258
    },
    {
      "type": "build_line",
      "endTime": 1702264176102,
      "status": "closed",
      "children": [],
      "name": "overallTime",
      "taskName": "default@PreBuild",
      "taskPath": "entry",
      "workerId": -1,
      "startTime": 1702264176102
    },
    {
      "type": "build_line",
      "endTime": 1702264176103,
      "status": "closed",
      "children": [],
      "name": "overallTime",
      "taskName": "default@MergeProfile",
      "taskPath": "entry",
      "workerId": -1,
      "startTime": 1702264176103
    },
    {
      "type": "build_line",
      "endTime": 1702264176104,
      "status": "closed",
      "children": [],
      "name": "overallTime",
      "taskName": "default@GenerateLoaderJson",
      "taskPath": "entry",
      "workerId": -1,
      "startTime": 1702264176104
    },
    {
      "type": "build_line",
      "endTime": 1702264176105,
      "status": "closed",
      "children": [],
      "name": "overallTime",
      "taskName": "default@ProcessProfile",
      "taskPath": "entry",
      "workerId": -1,
      "startTime": 1702264176105
    },
    {
      "type": "build_line",
      "endTime": 1702264176107,
      "status": "closed",
      "children": [],
      "name": "overallTime",
      "taskName": "default@PreviewProcessResource",
      "taskPath": "entry",
      "workerId": -1,
      "startTime": 1702264176105
    },
    {
      "type": "build_line",
      "endTime": 1702264176139,
      "status": "closed",
      "children": [],
      "name": "overallTime",
      "taskName": "default@PreviewCompileResource",
      "taskPath": "entry",
      "workerId": -1,
      "startTime": 1702264176107
    },
    {
      "type": "build_line",
      "endTime": 1702264176140,
      "status": "closed",
      "children": [],
      "name": "overallTime",
      "taskName": "default@PreviewHookCompileResource",
      "taskPath": "entry",
      "workerId": -1,
      "startTime": 1702264176140
    },
    {
      "type": "build_line",
      "endTime": 1702264176141,
      "status": "closed",
      "children": [],
      "name": "overallTime",
      "taskName": "default@ReplacePreviewerPage",
      "taskPath": "entry",
      "workerId": -1,
      "startTime": 1702264176140
    },
    {
      "type": "build_line",
      "endTime": 1702264176142,
      "status": "closed",
      "children": [],
      "name": "overallTime",
      "taskName": "buildPreviewerResource",
      "taskPath": "entry",
      "workerId": -1,
      "startTime": 1702264176142
    },
    {
      "type": "build_line",
      "endTime": 1702264176144,
      "status": "closed",
      "children": [],
      "name": "overallTime",
      "taskName": "default@PreviewUpdateAssets",
      "taskPath": "entry",
      "workerId": -1,
      "startTime": 1702264176143
    },
    {
      "type": "build_line",
      "endTime": 1702264178633,
      "status": "closed",
      "children": [],
      "name": "overallTime",
      "taskName": "default@PreviewArkTS",
      "taskPath": "entry",
      "workerId": -1,
      "startTime": 1702264176144
    },
    {
      "type": "build_line",
      "endTime": 1702264178634,
      "status": "closed",
      "children": [],
      "name": "overallTime",
      "taskName": "PreviewBuild",
      "taskPath": "entry",
      "workerId": -1,
      "startTime": 1702264178634
    },
    {
      "type": "build_line",
      "endTime": 1702264236200,
      "status": "closed",
      "children": [],
      "name": "overallTime",
      "taskName": "default@PreBuild",
      "taskPath": "entry",
      "workerId": -1,
      "startTime": 1702264236200
    },
    {
      "type": "build_line",
      "endTime": 1702264236201,
      "status": "closed",
      "children": [],
      "name": "overallTime",
      "taskName": "default@MergeProfile",
      "taskPath": "entry",
      "workerId": -1,
      "startTime": 1702264236201
    },
    {
      "type": "build_line",
      "endTime": 1702264236202,
      "status": "closed",
      "children": [],
      "name": "overallTime",
      "taskName": "default@GenerateLoaderJson",
      "taskPath": "entry",
      "workerId": -1,
      "startTime": 1702264236202
    },
    {
      "type": "build_line",
      "endTime": 1702264236206,
      "status": "closed",
      "children": [],
      "name": "overallTime",
      "taskName": "default@ProcessProfile",
      "taskPath": "entry",
      "workerId": -1,
      "startTime": 1702264236206
    },
    {
      "type": "build_line",
      "endTime": 1702264236209,
      "status": "closed",
      "children": [],
      "name": "overallTime",
      "taskName": "default@PreviewProcessResource",
      "taskPath": "entry",
      "workerId": -1,
      "startTime": 1702264236207
    },
    {
      "type": "build_line",
      "endTime": 1702264236211,
      "status": "closed",
      "children": [],
      "name": "overallTime",
      "taskName": "default@PreviewCompileResource",
      "taskPath": "entry",
      "workerId": -1,
      "startTime": 1702264236210
    },
    {
      "type": "build_line",
      "endTime": 1702264236211,
      "status": "closed",
      "children": [],
      "name": "overallTime",
      "taskName": "default@PreviewHookCompileResource",
      "taskPath": "entry",
      "workerId": -1,
      "startTime": 1702264236211
    },
    {
      "type": "build_line",
      "endTime": 1702264236212,
      "status": "closed",
      "children": [],
      "name": "overallTime",
      "taskName": "default@ReplacePreviewerPage",
      "taskPath": "entry",
      "workerId": -1,
      "startTime": 1702264236211
    },
    {
      "type": "build_line",
      "endTime": 1702264236212,
      "status": "closed",
      "children": [],
      "name": "overallTime",
      "taskName": "buildPreviewerResource",
      "taskPath": "entry",
      "workerId": -1,
      "startTime": 1702264236212
    },
    {
      "type": "build_line",
      "endTime": 1702264236214,
      "status": "closed",
      "children": [],
      "name": "overallTime",
      "taskName": "default@PreviewUpdateAssets",
      "taskPath": "entry",
      "workerId": -1,
      "startTime": 1702264236214
    },
    {
      "type": "build_line",
      "endTime": 1702264238156,
      "status": "closed",
      "children": [],
      "name": "overallTime",
      "taskName": "default@PreviewArkTS",
      "taskPath": "entry",
      "workerId": -1,
      "startTime": 1702264236214
    },
    {
      "type": "build_line",
      "endTime": 1702264238160,
      "status": "closed",
      "children": [],
      "name": "overallTime",
      "taskName": "PreviewBuild",
      "taskPath": "entry",
      "workerId": -1,
      "startTime": 1702264238159
    },
    {
      "type": "build_line",
      "endTime": 1702264315552,
      "status": "closed",
      "children": [],
      "name": "overallTime",
      "taskName": "default@PreBuild",
      "taskPath": "entry",
      "workerId": -1,
      "startTime": 1702264315551
    },
    {
      "type": "build_line",
      "endTime": 1702264315552,
      "status": "closed",
      "children": [],
      "name": "overallTime",
      "taskName": "default@MergeProfile",
      "taskPath": "entry",
      "workerId": -1,
      "startTime": 1702264315552
    },
    {
      "type": "build_line",
      "endTime": 1702264315553,
      "status": "closed",
      "children": [],
      "name": "overallTime",
      "taskName": "default@GenerateLoaderJson",
      "taskPath": "entry",
      "workerId": -1,
      "startTime": 1702264315553
    },
    {
      "type": "build_line",
      "endTime": 1702264315554,
      "status": "closed",
      "children": [],
      "name": "overallTime",
      "taskName": "default@ProcessProfile",
      "taskPath": "entry",
      "workerId": -1,
      "startTime": 1702264315554
    },
    {
      "type": "build_line",
      "endTime": 1702264315556,
      "status": "closed",
      "children": [],
      "name": "overallTime",
      "taskName": "default@PreviewProcessResource",
      "taskPath": "entry",
      "workerId": -1,
      "startTime": 1702264315555
    },
    {
      "type": "build_line",
      "endTime": 1702264315591,
      "status": "closed",
      "children": [],
      "name": "overallTime",
      "taskName": "default@PreviewCompileResource",
      "taskPath": "entry",
      "workerId": -1,
      "startTime": 1702264315556
    },
    {
      "type": "build_line",
      "endTime": 1702264315592,
      "status": "closed",
      "children": [],
      "name": "overallTime",
      "taskName": "default@PreviewHookCompileResource",
      "taskPath": "entry",
      "workerId": -1,
      "startTime": 1702264315592
    },
    {
      "type": "build_line",
      "endTime": 1702264315594,
      "status": "closed",
      "children": [],
      "name": "overallTime",
      "taskName": "default@ReplacePreviewerPage",
      "taskPath": "entry",
      "workerId": -1,
      "startTime": 1702264315593
    },
    {
      "type": "build_line",
      "endTime": 1702264315594,
      "status": "closed",
      "children": [],
      "name": "overallTime",
      "taskName": "buildPreviewerResource",
      "taskPath": "entry",
      "workerId": -1,
      "startTime": 1702264315594
    },
    {
      "type": "build_line",
      "endTime": 1702264315596,
      "status": "closed",
      "children": [],
      "name": "overallTime",
      "taskName": "default@PreviewUpdateAssets",
      "taskPath": "entry",
      "workerId": -1,
      "startTime": 1702264315595
    },
    {
      "type": "build_line",
      "endTime": 1702264317545,
      "status": "closed",
      "children": [],
      "name": "overallTime",
      "taskName": "default@PreviewArkTS",
      "taskPath": "entry",
      "workerId": -1,
      "startTime": 1702264315596
    },
    {
      "type": "build_line",
      "endTime": 1702264317546,
      "status": "closed",
      "children": [],
      "name": "overallTime",
      "taskName": "PreviewBuild",
      "taskPath": "entry",
      "workerId": -1,
      "startTime": 1702264317546
    },
    {
      "type": "build_line",
      "endTime": 1702264965533,
      "status": "closed",
      "children": [],
      "name": "overallTime",
      "taskName": "default@PreBuild",
      "taskPath": "entry",
      "workerId": -1,
      "startTime": 1702264965533
    },
    {
      "type": "build_line",
      "endTime": 1702264965534,
      "status": "closed",
      "children": [],
      "name": "overallTime",
      "taskName": "default@MergeProfile",
      "taskPath": "entry",
      "workerId": -1,
      "startTime": 1702264965534
    },
    {
      "type": "build_line",
      "endTime": 1702264965535,
      "status": "closed",
      "children": [],
      "name": "overallTime",
      "taskName": "default@GenerateLoaderJson",
      "taskPath": "entry",
      "workerId": -1,
      "startTime": 1702264965535
    },
    {
      "type": "build_line",
      "endTime": 1702264965536,
      "status": "closed",
      "children": [],
      "name": "overallTime",
      "taskName": "default@ProcessProfile",
      "taskPath": "entry",
      "workerId": -1,
      "startTime": 1702264965536
    },
    {
      "type": "build_line",
      "endTime": 1702264965538,
      "status": "closed",
      "children": [],
      "name": "overallTime",
      "taskName": "default@PreviewProcessResource",
      "taskPath": "entry",
      "workerId": -1,
      "startTime": 1702264965537
    },
    {
      "type": "build_line",
      "endTime": 1702264965569,
      "status": "closed",
      "children": [],
      "name": "overallTime",
      "taskName": "default@PreviewCompileResource",
      "taskPath": "entry",
      "workerId": -1,
      "startTime": 1702264965539
    },
    {
      "type": "build_line",
      "endTime": 1702264965570,
      "status": "closed",
      "children": [],
      "name": "overallTime",
      "taskName": "default@PreviewHookCompileResource",
      "taskPath": "entry",
      "workerId": -1,
      "startTime": 1702264965570
    },
    {
      "type": "build_line",
      "endTime": 1702264965572,
      "status": "closed",
      "children": [],
      "name": "overallTime",
      "taskName": "default@ReplacePreviewerPage",
      "taskPath": "entry",
      "workerId": -1,
      "startTime": 1702264965571
    },
    {
      "type": "build_line",
      "endTime": 1702264965572,
      "status": "closed",
      "children": [],
      "name": "overallTime",
      "taskName": "buildPreviewerResource",
      "taskPath": "entry",
      "workerId": -1,
      "startTime": 1702264965572
    },
    {
      "type": "build_line",
      "endTime": 1702264965574,
      "status": "closed",
      "children": [],
      "name": "overallTime",
      "taskName": "default@PreviewUpdateAssets",
      "taskPath": "entry",
      "workerId": -1,
      "startTime": 1702264965573
    },
    {
      "type": "build_line",
      "endTime": 1702264967629,
      "status": "closed",
      "children": [],
      "name": "overallTime",
      "taskName": "default@PreviewArkTS",
      "taskPath": "entry",
      "workerId": -1,
      "startTime": 1702264965574
    },
    {
      "type": "build_line",
      "endTime": 1702264967630,
      "status": "closed",
      "children": [],
      "name": "overallTime",
      "taskName": "PreviewBuild",
      "taskPath": "entry",
      "workerId": -1,
      "startTime": 1702264967630
    },
    {
      "type": "build_line",
      "endTime": 1702265013881,
      "status": "closed",
      "children": [],
      "name": "overallTime",
      "taskName": "default@PreBuild",
      "taskPath": "entry",
      "workerId": -1,
      "startTime": 1702265013880
    },
    {
      "type": "build_line",
      "endTime": 1702265013883,
      "status": "closed",
      "children": [],
      "name": "overallTime",
      "taskName": "default@MergeProfile",
      "taskPath": "entry",
      "workerId": -1,
      "startTime": 1702265013882
    },
    {
      "type": "build_line",
      "endTime": 1702265013885,
      "status": "closed",
      "children": [],
      "name": "overallTime",
      "taskName": "default@GenerateLoaderJson",
      "taskPath": "entry",
      "workerId": -1,
      "startTime": 1702265013885
    },
    {
      "type": "build_line",
      "endTime": 1702265013887,
      "status": "closed",
      "children": [],
      "name": "overallTime",
      "taskName": "default@ProcessProfile",
      "taskPath": "entry",
      "workerId": -1,
      "startTime": 1702265013887
    },
    {
      "type": "build_line",
      "endTime": 1702265013889,
      "status": "closed",
      "children": [],
      "name": "overallTime",
      "taskName": "default@PreviewProcessResource",
      "taskPath": "entry",
      "workerId": -1,
      "startTime": 1702265013888
    },
    {
      "type": "build_line",
      "endTime": 1702265013892,
      "status": "closed",
      "children": [],
      "name": "overallTime",
      "taskName": "default@PreviewCompileResource",
      "taskPath": "entry",
      "workerId": -1,
      "startTime": 1702265013890
    },
    {
      "type": "build_line",
      "endTime": 1702265013892,
      "status": "closed",
      "children": [],
      "name": "overallTime",
      "taskName": "default@PreviewHookCompileResource",
      "taskPath": "entry",
      "workerId": -1,
      "startTime": 1702265013892
    },
    {
      "type": "build_line",
      "endTime": 1702265013896,
      "status": "closed",
      "children": [],
      "name": "overallTime",
      "taskName": "default@ReplacePreviewerPage",
      "taskPath": "entry",
      "workerId": -1,
      "startTime": 1702265013895
    },
    {
      "type": "build_line",
      "endTime": 1702265013897,
      "status": "closed",
      "children": [],
      "name": "overallTime",
      "taskName": "buildPreviewerResource",
      "taskPath": "entry",
      "workerId": -1,
      "startTime": 1702265013897
    },
    {
      "type": "build_line",
      "endTime": 1702265013898,
      "status": "closed",
      "children": [],
      "name": "overallTime",
      "taskName": "default@PreviewUpdateAssets",
      "taskPath": "entry",
      "workerId": -1,
      "startTime": 1702265013897
    },
    {
      "type": "build_line",
      "endTime": 1702265015849,
      "status": "closed",
      "children": [],
      "name": "overallTime",
      "taskName": "default@PreviewArkTS",
      "taskPath": "entry",
      "workerId": -1,
      "startTime": 1702265013899
    },
    {
      "type": "build_line",
      "endTime": 1702265015850,
      "status": "closed",
      "children": [],
      "name": "overallTime",
      "taskName": "PreviewBuild",
      "taskPath": "entry",
      "workerId": -1,
      "startTime": 1702265015850
    },
    {
      "type": "build_line",
      "endTime": 1702265027985,
      "status": "closed",
      "children": [],
      "name": "overallTime",
      "taskName": "default@PreBuild",
      "taskPath": "entry",
      "workerId": -1,
      "startTime": 1702265027985
    },
    {
      "type": "build_line",
      "endTime": 1702265027985,
      "status": "closed",
      "children": [],
      "name": "overallTime",
      "taskName": "default@MergeProfile",
      "taskPath": "entry",
      "workerId": -1,
      "startTime": 1702265027985
    },
    {
      "type": "build_line",
      "endTime": 1702265027987,
      "status": "closed",
      "children": [],
      "name": "overallTime",
      "taskName": "default@GenerateLoaderJson",
      "taskPath": "entry",
      "workerId": -1,
      "startTime": 1702265027986
    },
    {
      "type": "build_line",
      "endTime": 1702265027988,
      "status": "closed",
      "children": [],
      "name": "overallTime",
      "taskName": "default@ProcessProfile",
      "taskPath": "entry",
      "workerId": -1,
      "startTime": 1702265027988
    },
    {
      "type": "build_line",
      "endTime": 1702265027991,
      "status": "closed",
      "children": [],
      "name": "overallTime",
      "taskName": "default@PreviewProcessResource",
      "taskPath": "entry",
      "workerId": -1,
      "startTime": 1702265027989
    },
    {
      "type": "build_line",
      "endTime": 1702265028022,
      "status": "closed",
      "children": [],
      "name": "overallTime",
      "taskName": "default@PreviewCompileResource",
      "taskPath": "entry",
      "workerId": -1,
      "startTime": 1702265027991
    },
    {
      "type": "build_line",
      "endTime": 1702265028022,
      "status": "closed",
      "children": [],
      "name": "overallTime",
      "taskName": "default@PreviewHookCompileResource",
      "taskPath": "entry",
      "workerId": -1,
      "startTime": 1702265028022
    },
    {
      "type": "build_line",
      "endTime": 1702265028024,
      "status": "closed",
      "children": [],
      "name": "overallTime",
      "taskName": "default@ReplacePreviewerPage",
      "taskPath": "entry",
      "workerId": -1,
      "startTime": 1702265028023
    },
    {
      "type": "build_line",
      "endTime": 1702265028024,
      "status": "closed",
      "children": [],
      "name": "overallTime",
      "taskName": "buildPreviewerResource",
      "taskPath": "entry",
      "workerId": -1,
      "startTime": 1702265028024
    },
    {
      "type": "build_line",
      "endTime": 1702265028026,
      "status": "closed",
      "children": [],
      "name": "overallTime",
      "taskName": "default@PreviewUpdateAssets",
      "taskPath": "entry",
      "workerId": -1,
      "startTime": 1702265028025
    },
    {
      "type": "build_line",
      "endTime": 1702265029954,
      "status": "closed",
      "children": [],
      "name": "overallTime",
      "taskName": "default@PreviewArkTS",
      "taskPath": "entry",
      "workerId": -1,
      "startTime": 1702265028026
    },
    {
      "type": "build_line",
      "endTime": 1702265029954,
      "status": "closed",
      "children": [],
      "name": "overallTime",
      "taskName": "PreviewBuild",
      "taskPath": "entry",
      "workerId": -1,
      "startTime": 1702265029954
    },
    {
      "type": "build_line",
      "endTime": 1702265194497,
      "status": "closed",
      "children": [],
      "name": "overallTime",
      "taskName": "default@PreBuild",
      "taskPath": "entry",
      "workerId": -1,
      "startTime": 1702265194497
    },
    {
      "type": "build_line",
      "endTime": 1702265194499,
      "status": "closed",
      "children": [],
      "name": "overallTime",
      "taskName": "default@MergeProfile",
      "taskPath": "entry",
      "workerId": -1,
      "startTime": 1702265194498
    },
    {
      "type": "build_line",
      "endTime": 1702265194500,
      "status": "closed",
      "children": [],
      "name": "overallTime",
      "taskName": "default@GenerateLoaderJson",
      "taskPath": "entry",
      "workerId": -1,
      "startTime": 1702265194500
    },
    {
      "type": "build_line",
      "endTime": 1702265194501,
      "status": "closed",
      "children": [],
      "name": "overallTime",
      "taskName": "default@ProcessProfile",
      "taskPath": "entry",
      "workerId": -1,
      "startTime": 1702265194501
    },
    {
      "type": "build_line",
      "endTime": 1702265194503,
      "status": "closed",
      "children": [],
      "name": "overallTime",
      "taskName": "default@PreviewProcessResource",
      "taskPath": "entry",
      "workerId": -1,
      "startTime": 1702265194502
    },
    {
      "type": "build_line",
      "endTime": 1702265194506,
      "status": "closed",
      "children": [],
      "name": "overallTime",
      "taskName": "default@PreviewCompileResource",
      "taskPath": "entry",
      "workerId": -1,
      "startTime": 1702265194504
    },
    {
      "type": "build_line",
      "endTime": 1702265194506,
      "status": "closed",
      "children": [],
      "name": "overallTime",
      "taskName": "default@PreviewHookCompileResource",
      "taskPath": "entry",
      "workerId": -1,
      "startTime": 1702265194506
    },
    {
      "type": "build_line",
      "endTime": 1702265194508,
      "status": "closed",
      "children": [],
      "name": "overallTime",
      "taskName": "default@ReplacePreviewerPage",
      "taskPath": "entry",
      "workerId": -1,
      "startTime": 1702265194507
    },
    {
      "type": "build_line",
      "endTime": 1702265194508,
      "status": "closed",
      "children": [],
      "name": "overallTime",
      "taskName": "buildPreviewerResource",
      "taskPath": "entry",
      "workerId": -1,
      "startTime": 1702265194508
    },
    {
      "type": "build_line",
      "endTime": 1702265194510,
      "status": "closed",
      "children": [],
      "name": "overallTime",
      "taskName": "default@PreviewUpdateAssets",
      "taskPath": "entry",
      "workerId": -1,
      "startTime": 1702265194509
    },
    {
      "type": "build_line",
      "endTime": 1702265196562,
      "status": "closed",
      "children": [],
      "name": "overallTime",
      "taskName": "default@PreviewArkTS",
      "taskPath": "entry",
      "workerId": -1,
      "startTime": 1702265194510
    },
    {
      "type": "build_line",
      "endTime": 1702265196563,
      "status": "closed",
      "children": [],
      "name": "overallTime",
      "taskName": "PreviewBuild",
      "taskPath": "entry",
      "workerId": -1,
      "startTime": 1702265196563
    },
    {
      "type": "build_line",
      "endTime": 1702265210608,
      "status": "closed",
      "children": [],
      "name": "overallTime",
      "taskName": "default@PreBuild",
      "taskPath": "entry",
      "workerId": -1,
      "startTime": 1702265210607
    },
    {
      "type": "build_line",
      "endTime": 1702265210609,
      "status": "closed",
      "children": [],
      "name": "overallTime",
      "taskName": "default@MergeProfile",
      "taskPath": "entry",
      "workerId": -1,
      "startTime": 1702265210609
    },
    {
      "type": "build_line",
      "endTime": 1702265210611,
      "status": "closed",
      "children": [],
      "name": "overallTime",
      "taskName": "default@GenerateLoaderJson",
      "taskPath": "entry",
      "workerId": -1,
      "startTime": 1702265210611
    },
    {
      "type": "build_line",
      "endTime": 1702265210613,
      "status": "closed",
      "children": [],
      "name": "overallTime",
      "taskName": "default@ProcessProfile",
      "taskPath": "entry",
      "workerId": -1,
      "startTime": 1702265210613
    },
    {
      "type": "build_line",
      "endTime": 1702265210615,
      "status": "closed",
      "children": [],
      "name": "overallTime",
      "taskName": "default@PreviewProcessResource",
      "taskPath": "entry",
      "workerId": -1,
      "startTime": 1702265210613
    },
    {
      "type": "build_line",
      "endTime": 1702265210646,
      "status": "closed",
      "children": [],
      "name": "overallTime",
      "taskName": "default@PreviewCompileResource",
      "taskPath": "entry",
      "workerId": -1,
      "startTime": 1702265210616
    },
    {
      "type": "build_line",
      "endTime": 1702265210652,
      "status": "closed",
      "children": [],
      "name": "overallTime",
      "taskName": "default@PreviewHookCompileResource",
      "taskPath": "entry",
      "workerId": -1,
      "startTime": 1702265210652
    },
    {
      "type": "build_line",
      "endTime": 1702265210653,
      "status": "closed",
      "children": [],
      "name": "overallTime",
      "taskName": "default@ReplacePreviewerPage",
      "taskPath": "entry",
      "workerId": -1,
      "startTime": 1702265210652
    },
    {
      "type": "build_line",
      "endTime": 1702265210653,
      "status": "closed",
      "children": [],
      "name": "overallTime",
      "taskName": "buildPreviewerResource",
      "taskPath": "entry",
      "workerId": -1,
      "startTime": 1702265210653
    },
    {
      "type": "build_line",
      "endTime": 1702265210656,
      "status": "closed",
      "children": [],
      "name": "overallTime",
      "taskName": "default@PreviewUpdateAssets",
      "taskPath": "entry",
      "workerId": -1,
      "startTime": 1702265210655
    },
    {
      "type": "build_line",
      "endTime": 1702265212586,
      "status": "closed",
      "children": [],
      "name": "overallTime",
      "taskName": "default@PreviewArkTS",
      "taskPath": "entry",
      "workerId": -1,
      "startTime": 1702265210656
    },
    {
      "type": "build_line",
      "endTime": 1702265212587,
      "status": "closed",
      "children": [],
      "name": "overallTime",
      "taskName": "PreviewBuild",
      "taskPath": "entry",
      "workerId": -1,
      "startTime": 1702265212587
    },
    {
      "type": "build_line",
      "endTime": 1702265249422,
      "status": "closed",
      "children": [],
      "name": "overallTime",
      "taskName": "default@PreBuild",
      "taskPath": "entry",
      "workerId": -1,
      "startTime": 1702265249422
    },
    {
      "type": "build_line",
      "endTime": 1702265249424,
      "status": "closed",
      "children": [],
      "name": "overallTime",
      "taskName": "default@MergeProfile",
      "taskPath": "entry",
      "workerId": -1,
      "startTime": 1702265249423
    },
    {
      "type": "build_line",
      "endTime": 1702265249425,
      "status": "closed",
      "children": [],
      "name": "overallTime",
      "taskName": "default@GenerateLoaderJson",
      "taskPath": "entry",
      "workerId": -1,
      "startTime": 1702265249425
    },
    {
      "type": "build_line",
      "endTime": 1702265249426,
      "status": "closed",
      "children": [],
      "name": "overallTime",
      "taskName": "default@ProcessProfile",
      "taskPath": "entry",
      "workerId": -1,
      "startTime": 1702265249426
    },
    {
      "type": "build_line",
      "endTime": 1702265249429,
      "status": "closed",
      "children": [],
      "name": "overallTime",
      "taskName": "default@PreviewProcessResource",
      "taskPath": "entry",
      "workerId": -1,
      "startTime": 1702265249427
    },
    {
      "type": "build_line",
      "endTime": 1702265249432,
      "status": "closed",
      "children": [],
      "name": "overallTime",
      "taskName": "default@PreviewCompileResource",
      "taskPath": "entry",
      "workerId": -1,
      "startTime": 1702265249430
    },
    {
      "type": "build_line",
      "endTime": 1702265249432,
      "status": "closed",
      "children": [],
      "name": "overallTime",
      "taskName": "default@PreviewHookCompileResource",
      "taskPath": "entry",
      "workerId": -1,
      "startTime": 1702265249432
    },
    {
      "type": "build_line",
      "endTime": 1702265249432,
      "status": "closed",
      "children": [],
      "name": "overallTime",
      "taskName": "default@ReplacePreviewerPage",
      "taskPath": "entry",
      "workerId": -1,
      "startTime": 1702265249432
    },
    {
      "type": "build_line",
      "endTime": 1702265249434,
      "status": "closed",
      "children": [],
      "name": "overallTime",
      "taskName": "buildPreviewerResource",
      "taskPath": "entry",
      "workerId": -1,
      "startTime": 1702265249434
    },
    {
      "type": "build_line",
      "endTime": 1702265249435,
      "status": "closed",
      "children": [],
      "name": "overallTime",
      "taskName": "default@PreviewUpdateAssets",
      "taskPath": "entry",
      "workerId": -1,
      "startTime": 1702265249435
    },
    {
      "type": "build_line",
      "endTime": 1702265251454,
      "status": "closed",
      "children": [],
      "name": "overallTime",
      "taskName": "default@PreviewArkTS",
      "taskPath": "entry",
      "workerId": -1,
      "startTime": 1702265249435
    },
    {
      "type": "build_line",
      "endTime": 1702265251455,
      "status": "closed",
      "children": [],
      "name": "overallTime",
      "taskName": "PreviewBuild",
      "taskPath": "entry",
      "workerId": -1,
      "startTime": 1702265251455
    },
    {
      "type": "build_line",
      "endTime": 1702265285547,
      "status": "closed",
      "children": [],
      "name": "overallTime",
      "taskName": "default@PreBuild",
      "taskPath": "entry",
      "workerId": -1,
      "startTime": 1702265285547
    },
    {
      "type": "build_line",
      "endTime": 1702265285548,
      "status": "closed",
      "children": [],
      "name": "overallTime",
      "taskName": "default@MergeProfile",
      "taskPath": "entry",
      "workerId": -1,
      "startTime": 1702265285548
    },
    {
      "type": "build_line",
      "endTime": 1702265285549,
      "status": "closed",
      "children": [],
      "name": "overallTime",
      "taskName": "default@GenerateLoaderJson",
      "taskPath": "entry",
      "workerId": -1,
      "startTime": 1702265285549
    },
    {
      "type": "build_line",
      "endTime": 1702265285550,
      "status": "closed",
      "children": [],
      "name": "overallTime",
      "taskName": "default@ProcessProfile",
      "taskPath": "entry",
      "workerId": -1,
      "startTime": 1702265285550
    },
    {
      "type": "build_line",
      "endTime": 1702265285552,
      "status": "closed",
      "children": [],
      "name": "overallTime",
      "taskName": "default@PreviewProcessResource",
      "taskPath": "entry",
      "workerId": -1,
      "startTime": 1702265285550
    },
    {
      "type": "build_line",
      "endTime": 1702265285582,
      "status": "closed",
      "children": [],
      "name": "overallTime",
      "taskName": "default@PreviewCompileResource",
      "taskPath": "entry",
      "workerId": -1,
      "startTime": 1702265285552
    },
    {
      "type": "build_line",
      "endTime": 1702265285583,
      "status": "closed",
      "children": [],
      "name": "overallTime",
      "taskName": "default@PreviewHookCompileResource",
      "taskPath": "entry",
      "workerId": -1,
      "startTime": 1702265285583
    },
    {
      "type": "build_line",
      "endTime": 1702265285585,
      "status": "closed",
      "children": [],
      "name": "overallTime",
      "taskName": "default@ReplacePreviewerPage",
      "taskPath": "entry",
      "workerId": -1,
      "startTime": 1702265285584
    },
    {
      "type": "build_line",
      "endTime": 1702265285585,
      "status": "closed",
      "children": [],
      "name": "overallTime",
      "taskName": "buildPreviewerResource",
      "taskPath": "entry",
      "workerId": -1,
      "startTime": 1702265285585
    },
    {
      "type": "build_line",
      "endTime": 1702265285587,
      "status": "closed",
      "children": [],
      "name": "overallTime",
      "taskName": "default@PreviewUpdateAssets",
      "taskPath": "entry",
      "workerId": -1,
      "startTime": 1702265285586
    },
    {
      "type": "build_line",
      "endTime": 1702265287543,
      "status": "closed",
      "children": [],
      "name": "overallTime",
      "taskName": "default@PreviewArkTS",
      "taskPath": "entry",
      "workerId": -1,
      "startTime": 1702265285587
    },
    {
      "type": "build_line",
      "endTime": 1702265287544,
      "status": "closed",
      "children": [],
      "name": "overallTime",
      "taskName": "PreviewBuild",
      "taskPath": "entry",
      "workerId": -1,
      "startTime": 1702265287544
    },
    {
      "type": "build_line",
      "endTime": 1702265295863,
      "status": "closed",
      "children": [],
      "name": "overallTime",
      "taskName": "default@PreBuild",
      "taskPath": "entry",
      "workerId": -1,
      "startTime": 1702265295863
    },
    {
      "type": "build_line",
      "endTime": 1702265295864,
      "status": "closed",
      "children": [],
      "name": "overallTime",
      "taskName": "default@MergeProfile",
      "taskPath": "entry",
      "workerId": -1,
      "startTime": 1702265295864
    },
    {
      "type": "build_line",
      "endTime": 1702265295867,
      "status": "closed",
      "children": [],
      "name": "overallTime",
      "taskName": "default@GenerateLoaderJson",
      "taskPath": "entry",
      "workerId": -1,
      "startTime": 1702265295866
    },
    {
      "type": "build_line",
      "endTime": 1702265295868,
      "status": "closed",
      "children": [],
      "name": "overallTime",
      "taskName": "default@ProcessProfile",
      "taskPath": "entry",
      "workerId": -1,
      "startTime": 1702265295868
    },
    {
      "type": "build_line",
      "endTime": 1702265295873,
      "status": "closed",
      "children": [],
      "name": "overallTime",
      "taskName": "default@PreviewProcessResource",
      "taskPath": "entry",
      "workerId": -1,
      "startTime": 1702265295871
    },
    {
      "type": "build_line",
      "endTime": 1702265295876,
      "status": "closed",
      "children": [],
      "name": "overallTime",
      "taskName": "default@PreviewCompileResource",
      "taskPath": "entry",
      "workerId": -1,
      "startTime": 1702265295874
    },
    {
      "type": "build_line",
      "endTime": 1702265295877,
      "status": "closed",
      "children": [],
      "name": "overallTime",
      "taskName": "default@PreviewHookCompileResource",
      "taskPath": "entry",
      "workerId": -1,
      "startTime": 1702265295877
    },
    {
      "type": "build_line",
      "endTime": 1702265295878,
      "status": "closed",
      "children": [],
      "name": "overallTime",
      "taskName": "default@ReplacePreviewerPage",
      "taskPath": "entry",
      "workerId": -1,
      "startTime": 1702265295877
    },
    {
      "type": "build_line",
      "endTime": 1702265295878,
      "status": "closed",
      "children": [],
      "name": "overallTime",
      "taskName": "buildPreviewerResource",
      "taskPath": "entry",
      "workerId": -1,
      "startTime": 1702265295878
    },
    {
      "type": "build_line",
      "endTime": 1702265295882,
      "status": "closed",
      "children": [],
      "name": "overallTime",
      "taskName": "default@PreviewUpdateAssets",
      "taskPath": "entry",
      "workerId": -1,
      "startTime": 1702265295881
    },
    {
      "type": "build_line",
      "endTime": 1702265297858,
      "status": "closed",
      "children": [],
      "name": "overallTime",
      "taskName": "default@PreviewArkTS",
      "taskPath": "entry",
      "workerId": -1,
      "startTime": 1702265295882
    },
    {
      "type": "build_line",
      "endTime": 1702265297859,
      "status": "closed",
      "children": [],
      "name": "overallTime",
      "taskName": "PreviewBuild",
      "taskPath": "entry",
      "workerId": -1,
      "startTime": 1702265297859
    },
    {
      "type": "build_line",
      "endTime": 1702265317694,
      "status": "closed",
      "children": [],
      "name": "overallTime",
      "taskName": "default@PreBuild",
      "taskPath": "entry",
      "workerId": -1,
      "startTime": 1702265317694
    },
    {
      "type": "build_line",
      "endTime": 1702265317695,
      "status": "closed",
      "children": [],
      "name": "overallTime",
      "taskName": "default@MergeProfile",
      "taskPath": "entry",
      "workerId": -1,
      "startTime": 1702265317695
    },
    {
      "type": "build_line",
      "endTime": 1702265317695,
      "status": "closed",
      "children": [],
      "name": "overallTime",
      "taskName": "default@GenerateLoaderJson",
      "taskPath": "entry",
      "workerId": -1,
      "startTime": 1702265317695
    },
    {
      "type": "build_line",
      "endTime": 1702265317697,
      "status": "closed",
      "children": [],
      "name": "overallTime",
      "taskName": "default@ProcessProfile",
      "taskPath": "entry",
      "workerId": -1,
      "startTime": 1702265317697
    },
    {
      "type": "build_line",
      "endTime": 1702265317699,
      "status": "closed",
      "children": [],
      "name": "overallTime",
      "taskName": "default@PreviewProcessResource",
      "taskPath": "entry",
      "workerId": -1,
      "startTime": 1702265317697
    },
    {
      "type": "build_line",
      "endTime": 1702265317727,
      "status": "closed",
      "children": [],
      "name": "overallTime",
      "taskName": "default@PreviewCompileResource",
      "taskPath": "entry",
      "workerId": -1,
      "startTime": 1702265317699
    },
    {
      "type": "build_line",
      "endTime": 1702265317727,
      "status": "closed",
      "children": [],
      "name": "overallTime",
      "taskName": "default@PreviewHookCompileResource",
      "taskPath": "entry",
      "workerId": -1,
      "startTime": 1702265317727
    },
    {
      "type": "build_line",
      "endTime": 1702265317729,
      "status": "closed",
      "children": [],
      "name": "overallTime",
      "taskName": "default@ReplacePreviewerPage",
      "taskPath": "entry",
      "workerId": -1,
      "startTime": 1702265317729
    },
    {
      "type": "build_line",
      "endTime": 1702265317729,
      "status": "closed",
      "children": [],
      "name": "overallTime",
      "taskName": "buildPreviewerResource",
      "taskPath": "entry",
      "workerId": -1,
      "startTime": 1702265317729
    },
    {
      "type": "build_line",
      "endTime": 1702265317731,
      "status": "closed",
      "children": [],
      "name": "overallTime",
      "taskName": "default@PreviewUpdateAssets",
      "taskPath": "entry",
      "workerId": -1,
      "startTime": 1702265317731
    },
    {
      "type": "build_line",
      "endTime": 1702265319678,
      "status": "closed",
      "children": [],
      "name": "overallTime",
      "taskName": "default@PreviewArkTS",
      "taskPath": "entry",
      "workerId": -1,
      "startTime": 1702265317731
    },
    {
      "type": "build_line",
      "endTime": 1702265319679,
      "status": "closed",
      "children": [],
      "name": "overallTime",
      "taskName": "PreviewBuild",
      "taskPath": "entry",
      "workerId": -1,
      "startTime": 1702265319679
    },
    {
      "type": "build_line",
      "endTime": 1702268806276,
      "status": "closed",
      "children": [],
      "name": "overallTime",
      "taskName": "default@PreBuild",
      "taskPath": "entry",
      "workerId": -1,
      "startTime": 1702268806274
    },
    {
      "type": "build_line",
      "endTime": 1702268806279,
      "status": "closed",
      "children": [],
      "name": "overallTime",
      "taskName": "default@GenerateMetadata",
      "taskPath": "entry",
      "workerId": -1,
      "startTime": 1702268806276
    },
    {
      "type": "build_line",
      "endTime": 1702268806282,
      "status": "closed",
      "children": [],
      "name": "overallTime",
      "taskName": "default@MergeProfile",
      "taskPath": "entry",
      "workerId": -1,
      "startTime": 1702268806279
    },
    {
      "type": "build_line",
      "endTime": 1702268806283,
      "status": "closed",
      "children": [],
      "name": "overallTime",
      "taskName": "default@BuildNativeWithCmake",
      "taskPath": "entry",
      "workerId": -1,
      "startTime": 1702268806283
    },
    {
      "type": "build_line",
      "endTime": 1702268806287,
      "status": "closed",
      "children": [],
      "name": "overallTime",
      "taskName": "default@GenerateLoaderJson",
      "taskPath": "entry",
      "workerId": -1,
      "startTime": 1702268806284
    },
    {
      "type": "build_line",
      "endTime": 1702268806288,
      "status": "closed",
      "children": [],
      "name": "overallTime",
      "taskName": "default@MakePackInfo",
      "taskPath": "entry",
      "workerId": -1,
      "startTime": 1702268806287
    },
    {
      "type": "build_line",
      "endTime": 1702268806356,
      "status": "closed",
      "children": [],
      "name": "overallTime",
      "taskName": "default@ProcessProfile",
      "taskPath": "entry",
      "workerId": -1,
      "startTime": 1702268806288
    },
    {
      "type": "build_line",
      "endTime": 1702268806357,
      "status": "closed",
      "children": [],
      "name": "overallTime",
      "taskName": "default@BuildNativeWithNinja",
      "taskPath": "entry",
      "workerId": -1,
      "startTime": 1702268806357
    },
    {
      "type": "build_line",
      "endTime": 1702268806360,
      "status": "closed",
      "children": [],
      "name": "overallTime",
      "taskName": "default@ProcessResource",
      "taskPath": "entry",
      "workerId": -1,
      "startTime": 1702268806359
    },
    {
      "type": "build_line",
      "endTime": 1702268806361,
      "status": "closed",
      "children": [],
      "name": "overallTime",
      "taskName": "default@ProcessLibs",
      "taskPath": "entry",
      "workerId": -1,
      "startTime": 1702268806360
    },
    {
      "type": "build_line",
      "endTime": 1702268806389,
      "status": "closed",
      "children": [],
      "name": "overallTime",
      "taskName": "default@CompileResource",
      "taskPath": "entry",
      "workerId": -1,
      "startTime": 1702268806361
    },
    {
      "type": "build_line",
      "endTime": 1702268806397,
      "status": "closed",
      "children": [],
      "name": "overallTime",
      "taskName": "default@CompileJS",
      "taskPath": "entry",
      "workerId": -1,
      "startTime": 1702268806397
    },
    {
      "type": "build_line",
      "endTime": 1702268809048,
      "status": "closed",
      "children": [],
      "name": "overallTime",
      "taskName": "default@CompileArkTS",
      "taskPath": "entry",
      "workerId": 2,
      "startTime": 1702268806397
    },
    {
      "type": "default",
      "endTime": 1702268809048,
      "status": "closed",
      "children": [
        {
          "type": "build_line",
          "endTime": 1702268809048,
          "status": "closed",
          "children": [],
          "name": "overallTime",
          "taskName": "default@CompileArkTS",
          "taskPath": "entry",
          "workerId": 2,
          "startTime": 1702268806397
        }
      ],
      "name": "overallTime",
      "taskName": "default@CompileArkTS",
      "taskPath": "entry",
      "workerId": -1,
      "startTime": 1702268806390
    },
    {
      "type": "build_line",
      "endTime": 1702268809617,
      "status": "closed",
      "children": [],
      "name": "overallTime",
      "taskName": "default@PackageHap",
      "taskPath": "entry",
      "workerId": 0,
      "startTime": 1702268809054
    },
    {
      "type": "default",
      "endTime": 1702268809617,
      "status": "closed",
      "children": [
        {
          "type": "build_line",
          "endTime": 1702268809617,
          "status": "closed",
          "children": [],
          "name": "overallTime",
          "taskName": "default@PackageHap",
          "taskPath": "entry",
          "workerId": 0,
          "startTime": 1702268809054
        }
      ],
      "name": "overallTime",
      "taskName": "default@PackageHap",
      "taskPath": "entry",
      "workerId": -1,
      "startTime": 1702268809051
    },
    {
      "type": "build_line",
      "endTime": 1702268809619,
      "status": "closed",
      "children": [],
      "name": "overallTime",
      "taskName": "default@SignHap",
      "taskPath": "entry",
      "workerId": -1,
      "startTime": 1702268809618
    },
    {
      "type": "build_line",
      "endTime": 1702268809619,
      "status": "closed",
      "children": [],
      "name": "overallTime",
      "taskName": "assembleHap",
      "taskPath": "entry",
      "workerId": -1,
      "startTime": 1702268809619
    },
    {
      "type": "build_line",
      "endTime": 1702268983072,
      "status": "closed",
      "children": [],
      "name": "overallTime",
      "taskName": "default@PreBuild",
      "taskPath": "entry",
      "workerId": -1,
      "startTime": 1702268983072
    },
    {
      "type": "build_line",
      "endTime": 1702268983076,
      "status": "closed",
      "children": [],
      "name": "overallTime",
      "taskName": "default@MergeProfile",
      "taskPath": "entry",
      "workerId": -1,
      "startTime": 1702268983074
    },
    {
      "type": "build_line",
      "endTime": 1702268983082,
      "status": "closed",
      "children": [],
      "name": "overallTime",
      "taskName": "default@GenerateLoaderJson",
      "taskPath": "entry",
      "workerId": -1,
      "startTime": 1702268983080
    },
    {
      "type": "build_line",
      "endTime": 1702268983117,
      "status": "closed",
      "children": [],
      "name": "overallTime",
      "taskName": "default@ProcessProfile",
      "taskPath": "entry",
      "workerId": -1,
      "startTime": 1702268983083
    },
    {
      "type": "build_line",
      "endTime": 1702268983119,
      "status": "closed",
      "children": [],
      "name": "overallTime",
      "taskName": "default@PreviewProcessResource",
      "taskPath": "entry",
      "workerId": -1,
      "startTime": 1702268983117
    },
    {
      "type": "build_line",
      "endTime": 1702268983152,
      "status": "closed",
      "children": [],
      "name": "overallTime",
      "taskName": "default@PreviewCompileResource",
      "taskPath": "entry",
      "workerId": -1,
      "startTime": 1702268983124
    },
    {
      "type": "build_line",
      "endTime": 1702268983153,
      "status": "closed",
      "children": [],
      "name": "overallTime",
      "taskName": "default@PreviewHookCompileResource",
      "taskPath": "entry",
      "workerId": -1,
      "startTime": 1702268983153
    },
    {
      "type": "build_line",
      "endTime": 1702268983154,
      "status": "closed",
      "children": [],
      "name": "overallTime",
      "taskName": "default@ReplacePreviewerPage",
      "taskPath": "entry",
      "workerId": -1,
      "startTime": 1702268983153
    },
    {
      "type": "build_line",
      "endTime": 1702268983154,
      "status": "closed",
      "children": [],
      "name": "overallTime",
      "taskName": "buildPreviewerResource",
      "taskPath": "entry",
      "workerId": -1,
      "startTime": 1702268983154
    },
    {
      "type": "build_line",
      "endTime": 1702268983156,
      "status": "closed",
      "children": [],
      "name": "overallTime",
      "taskName": "default@PreviewUpdateAssets",
      "taskPath": "entry",
      "workerId": -1,
      "startTime": 1702268983156
    },
    {
      "type": "build_line",
      "endTime": 1702268985202,
      "status": "closed",
      "children": [],
      "name": "overallTime",
      "taskName": "default@PreviewArkTS",
      "taskPath": "entry",
      "workerId": -1,
      "startTime": 1702268983156
    },
    {
      "type": "build_line",
      "endTime": 1702268985203,
      "status": "closed",
      "children": [],
      "name": "overallTime",
      "taskName": "PreviewBuild",
      "taskPath": "entry",
      "workerId": -1,
      "startTime": 1702268985203
    },
    {
      "type": "build_line",
      "endTime": 1702269024137,
      "status": "closed",
      "children": [],
      "name": "overallTime",
      "taskName": "default@PreBuild",
      "taskPath": "entry",
      "workerId": -1,
      "startTime": 1702269024137
    },
    {
      "type": "build_line",
      "endTime": 1702269024137,
      "status": "closed",
      "children": [],
      "name": "overallTime",
      "taskName": "default@MergeProfile",
      "taskPath": "entry",
      "workerId": -1,
      "startTime": 1702269024137
    },
    {
      "type": "build_line",
      "endTime": 1702269024138,
      "status": "closed",
      "children": [],
      "name": "overallTime",
      "taskName": "default@GenerateLoaderJson",
      "taskPath": "entry",
      "workerId": -1,
      "startTime": 1702269024138
    },
    {
      "type": "build_line",
      "endTime": 1702269024140,
      "status": "closed",
      "children": [],
      "name": "overallTime",
      "taskName": "default@ProcessProfile",
      "taskPath": "entry",
      "workerId": -1,
      "startTime": 1702269024140
    },
    {
      "type": "build_line",
      "endTime": 1702269024141,
      "status": "closed",
      "children": [],
      "name": "overallTime",
      "taskName": "default@PreviewProcessResource",
      "taskPath": "entry",
      "workerId": -1,
      "startTime": 1702269024140
    },
    {
      "type": "build_line",
      "endTime": 1702269024144,
      "status": "closed",
      "children": [],
      "name": "overallTime",
      "taskName": "default@PreviewCompileResource",
      "taskPath": "entry",
      "workerId": -1,
      "startTime": 1702269024142
    },
    {
      "type": "build_line",
      "endTime": 1702269024144,
      "status": "closed",
      "children": [],
      "name": "overallTime",
      "taskName": "default@PreviewHookCompileResource",
      "taskPath": "entry",
      "workerId": -1,
      "startTime": 1702269024144
    },
    {
      "type": "build_line",
      "endTime": 1702269024146,
      "status": "closed",
      "children": [],
      "name": "overallTime",
      "taskName": "default@ReplacePreviewerPage",
      "taskPath": "entry",
      "workerId": -1,
      "startTime": 1702269024146
    },
    {
      "type": "build_line",
      "endTime": 1702269024146,
      "status": "closed",
      "children": [],
      "name": "overallTime",
      "taskName": "buildPreviewerResource",
      "taskPath": "entry",
      "workerId": -1,
      "startTime": 1702269024146
    },
    {
      "type": "build_line",
      "endTime": 1702269024148,
      "status": "closed",
      "children": [],
      "name": "overallTime",
      "taskName": "default@PreviewUpdateAssets",
      "taskPath": "entry",
      "workerId": -1,
      "startTime": 1702269024147
    },
    {
      "type": "build_line",
      "endTime": 1702269026026,
      "status": "closed",
      "children": [],
      "name": "overallTime",
      "taskName": "default@PreviewArkTS",
      "taskPath": "entry",
      "workerId": -1,
      "startTime": 1702269024149
    },
    {
      "type": "build_line",
      "endTime": 1702269026027,
      "status": "closed",
      "children": [],
      "name": "overallTime",
      "taskName": "PreviewBuild",
      "taskPath": "entry",
      "workerId": -1,
      "startTime": 1702269026027
    },
    {
      "type": "build_line",
      "endTime": 1702275698536,
      "status": "closed",
      "children": [],
      "name": "overallTime",
      "taskName": "default@PreBuild",
      "taskPath": "entry",
      "workerId": -1,
      "startTime": 1702275698535
    },
    {
      "type": "build_line",
      "endTime": 1702275698537,
      "status": "closed",
      "children": [],
      "name": "overallTime",
      "taskName": "default@MergeProfile",
      "taskPath": "entry",
      "workerId": -1,
      "startTime": 1702275698537
    },
    {
      "type": "build_line",
      "endTime": 1702275698539,
      "status": "closed",
      "children": [],
      "name": "overallTime",
      "taskName": "default@GenerateLoaderJson",
      "taskPath": "entry",
      "workerId": -1,
      "startTime": 1702275698538
    },
    {
      "type": "build_line",
      "endTime": 1702275698540,
      "status": "closed",
      "children": [],
      "name": "overallTime",
      "taskName": "default@ProcessProfile",
      "taskPath": "entry",
      "workerId": -1,
      "startTime": 1702275698540
    },
    {
      "type": "build_line",
      "endTime": 1702275698543,
      "status": "closed",
      "children": [],
      "name": "overallTime",
      "taskName": "default@PreviewProcessResource",
      "taskPath": "entry",
      "workerId": -1,
      "startTime": 1702275698542
    },
    {
      "type": "build_line",
      "endTime": 1702275698576,
      "status": "closed",
      "children": [],
      "name": "overallTime",
      "taskName": "default@PreviewCompileResource",
      "taskPath": "entry",
      "workerId": -1,
      "startTime": 1702275698543
    },
    {
      "type": "build_line",
      "endTime": 1702275698576,
      "status": "closed",
      "children": [],
      "name": "overallTime",
      "taskName": "default@PreviewHookCompileResource",
      "taskPath": "entry",
      "workerId": -1,
      "startTime": 1702275698576
    },
    {
      "type": "build_line",
      "endTime": 1702275698578,
      "status": "closed",
      "children": [],
      "name": "overallTime",
      "taskName": "default@ReplacePreviewerPage",
      "taskPath": "entry",
      "workerId": -1,
      "startTime": 1702275698578
    },
    {
      "type": "build_line",
      "endTime": 1702275698579,
      "status": "closed",
      "children": [],
      "name": "overallTime",
      "taskName": "buildPreviewerResource",
      "taskPath": "entry",
      "workerId": -1,
      "startTime": 1702275698579
    },
    {
      "type": "build_line",
      "endTime": 1702275698581,
      "status": "closed",
      "children": [],
      "name": "overallTime",
      "taskName": "default@PreviewUpdateAssets",
      "taskPath": "entry",
      "workerId": -1,
      "startTime": 1702275698580
    },
    {
      "type": "build_line",
      "endTime": 1702275700545,
      "status": "closed",
      "children": [],
      "name": "overallTime",
      "taskName": "default@PreviewArkTS",
      "taskPath": "entry",
      "workerId": -1,
      "startTime": 1702275698581
    },
    {
      "type": "build_line",
      "endTime": 1702275700546,
      "status": "closed",
      "children": [],
      "name": "overallTime",
      "taskName": "PreviewBuild",
      "taskPath": "entry",
      "workerId": -1,
      "startTime": 1702275700546
    }
  ],
  "workLog": [
    {
      "type": "work",
      "time": "[2023-12-11T12:26:49.043]",
      "workerId": 2,
      "content": "[2023-12-11T12:26:49.043] > hvigor \u001b[32m\u001b[33mWARN: \u001b[33mArkTS:WARN File: /Users/changwei/DevEcoStudioProjects/wechatdemo/entry/src/main/ets/pages/Home/Chat.ets:4:1\n It's not a recommended way to export struct with @Entry decorator, which may cause ACE Engine error in component preview mode.\u001b[39m\n\u001b[33mWARN: \u001b[33mArkTS:WARN File: /Users/changwei/DevEcoStudioProjects/wechatdemo/entry/src/main/ets/pages/Contact/Contacts.ets:3:1\n It's not a recommended way to export struct with @Entry decorator, which may cause ACE Engine error in component preview mode.\u001b[39m\n\u001b[33mWARN: \u001b[33mArkTS:WARN File: /Users/changwei/DevEcoStudioProjects/wechatdemo/entry/src/main/ets/pages/Discover/Discover.ets:1:1\n It's not a recommended way to export struct with @Entry decorator, which may cause ACE Engine error in component preview mode.\u001b[39m\n\u001b[33mWARN: \u001b[33mArkTS:WARN File: /Users/changwei/DevEcoStudioProjects/wechatdemo/entry/src/main/ets/pages/My/My.ets:2:1\n It's not a recommended way to export struct with @Entry decorator, which may cause ACE Engine error in component preview mode.\u001b[39m\n\u001b[33mWARN: \u001b[33mArkTS:WARN File: /Users/changwei/DevEcoStudioProjects/wechatdemo/entry/src/main/ets/pages/Home/Home.ets:9:1\n It's not a recommended way to export struct with @Entry decorator, which may cause ACE Engine error in component preview mode.\u001b[39m\n\u001b[39m\n",
      "taskPath": "entry",
      "taskName": "default@CompileArkTS",
      "taskCompletePath": "entry:default@CompileArkTS"
    }
  ]
}