{
  "version": "1.0",
  "workerIdList": [
    -1,
    0
  ],
  "metrics": [
    {
      "type": "build_line",
      "endTime": 1704676572168,
      "status": "closed",
      "children": [],
      "name": "overallTime",
      "taskName": "init",
      "taskPath": "entry",
      "workerId": -1,
      "startTime": 1704676572166
    },
    {
      "type": "build_line",
      "endTime": 1704676572173,
      "status": "closed",
      "children": [],
      "name": "overallTime",
      "taskName": "init",
      "taskPath": "MyApplication",
      "workerId": -1,
      "startTime": 1704676572173
    },
    {
      "type": "build_line",
      "endTime": 1704683615096,
      "status": "closed",
      "children": [],
      "name": "overallTime",
      "taskName": "default@PreBuild",
      "taskPath": "entry",
      "workerId": -1,
      "startTime": 1704683615091
    },
    {
      "type": "build_line",
      "endTime": 1704683615107,
      "status": "closed",
      "children": [],
      "name": "overallTime",
      "taskName": "default@MergeProfile",
      "taskPath": "entry",
      "workerId": -1,
      "startTime": 1704683615098
    },
    {
      "type": "build_line",
      "endTime": 1704683615119,
      "status": "closed",
      "children": [],
      "name": "overallTime",
      "taskName": "default@GenerateLoaderJson",
      "taskPath": "entry",
      "workerId": -1,
      "startTime": 1704683615112
    },
    {
      "type": "build_line",
      "endTime": 1704683615263,
      "status": "closed",
      "children": [],
      "name": "overallTime",
      "taskName": "default@ProcessProfile",
      "taskPath": "entry",
      "workerId": -1,
      "startTime": 1704683615122
    },
    {
      "type": "build_line",
      "endTime": 1704683615274,
      "status": "closed",
      "children": [],
      "name": "overallTime",
      "taskName": "default@PreviewProcessResource",
      "taskPath": "entry",
      "workerId": -1,
      "startTime": 1704683615267
    },
    {
      "type": "build_line",
      "endTime": 1704683615685,
      "status": "closed",
      "children": [],
      "name": "overallTime",
      "taskName": "default@PreviewCompileResource",
      "taskPath": "entry",
      "workerId": -1,
      "startTime": 1704683615278
    },
    {
      "type": "build_line",
      "endTime": 1704683615686,
      "status": "closed",
      "children": [],
      "name": "overallTime",
      "taskName": "default@PreviewHookCompileResource",
      "taskPath": "entry",
      "workerId": -1,
      "startTime": 1704683615686
    },
    {
      "type": "build_line",
      "endTime": 1704683615697,
      "status": "closed",
      "children": [],
      "name": "overallTime",
      "taskName": "default@ReplacePreviewerPage",
      "taskPath": "entry",
      "workerId": -1,
      "startTime": 1704683615688
    },
    {
      "type": "build_line",
      "endTime": 1704683615698,
      "status": "closed",
      "children": [],
      "name": "overallTime",
      "taskName": "buildPreviewerResource",
      "taskPath": "entry",
      "workerId": -1,
      "startTime": 1704683615698
    },
    {
      "type": "build_line",
      "endTime": 1704683615702,
      "status": "closed",
      "children": [],
      "name": "overallTime",
      "taskName": "default@PreviewUpdateAssets",
      "taskPath": "entry",
      "workerId": -1,
      "startTime": 1704683615698
    },
    {
      "type": "build_line",
      "endTime": 1704683625378,
      "status": "closed",
      "children": [],
      "name": "overallTime",
      "taskName": "default@PreviewArkTS",
      "taskPath": "entry",
      "workerId": -1,
      "startTime": 1704683615703
    },
    {
      "type": "build_line",
      "endTime": 1704683625384,
      "status": "closed",
      "children": [],
      "name": "overallTime",
      "taskName": "PreviewBuild",
      "taskPath": "entry",
      "workerId": -1,
      "startTime": 1704683625384
    },
    {
      "type": "build_line",
      "endTime": 1704683648933,
      "status": "closed",
      "children": [],
      "name": "overallTime",
      "taskName": "default@PreBuild",
      "taskPath": "entry",
      "workerId": -1,
      "startTime": 1704683648929
    },
    {
      "type": "build_line",
      "endTime": 1704683648944,
      "status": "closed",
      "children": [],
      "name": "overallTime",
      "taskName": "default@GenerateMetadata",
      "taskPath": "entry",
      "workerId": -1,
      "startTime": 1704683648934
    },
    {
      "type": "build_line",
      "endTime": 1704683648962,
      "status": "closed",
      "children": [],
      "name": "overallTime",
      "taskName": "default@MergeProfile",
      "taskPath": "entry",
      "workerId": -1,
      "startTime": 1704683648951
    },
    {
      "type": "build_line",
      "endTime": 1704683648967,
      "status": "closed",
      "children": [],
      "name": "overallTime",
      "taskName": "default@BuildNativeWithCmake",
      "taskPath": "entry",
      "workerId": -1,
      "startTime": 1704683648966
    },
    {
      "type": "build_line",
      "endTime": 1704683648974,
      "status": "closed",
      "children": [],
      "name": "overallTime",
      "taskName": "default@GenerateLoaderJson",
      "taskPath": "entry",
      "workerId": -1,
      "startTime": 1704683648969
    },
    {
      "type": "build_line",
      "endTime": 1704683648981,
      "status": "closed",
      "children": [],
      "name": "overallTime",
      "taskName": "default@MakePackInfo",
      "taskPath": "entry",
      "workerId": -1,
      "startTime": 1704683648974
    },
    {
      "type": "build_line",
      "endTime": 1704683649093,
      "status": "closed",
      "children": [],
      "name": "overallTime",
      "taskName": "default@ProcessProfile",
      "taskPath": "entry",
      "workerId": -1,
      "startTime": 1704683648983
    },
    {
      "type": "build_line",
      "endTime": 1704683649095,
      "status": "closed",
      "children": [],
      "name": "overallTime",
      "taskName": "default@BuildNativeWithNinja",
      "taskPath": "entry",
      "workerId": -1,
      "startTime": 1704683649094
    },
    {
      "type": "build_line",
      "endTime": 1704683649099,
      "status": "closed",
      "children": [],
      "name": "overallTime",
      "taskName": "default@ProcessResource",
      "taskPath": "entry",
      "workerId": -1,
      "startTime": 1704683649095
    },
    {
      "type": "build_line",
      "endTime": 1704683649103,
      "status": "closed",
      "children": [],
      "name": "overallTime",
      "taskName": "default@ProcessLibs",
      "taskPath": "entry",
      "workerId": -1,
      "startTime": 1704683649099
    },
    {
      "type": "build_line",
      "endTime": 1704683649418,
      "status": "closed",
      "children": [],
      "name": "overallTime",
      "taskName": "default@CompileResource",
      "taskPath": "entry",
      "workerId": -1,
      "startTime": 1704683649103
    },
    {
      "type": "build_line",
      "endTime": 1704683649427,
      "status": "closed",
      "children": [],
      "name": "overallTime",
      "taskName": "default@CompileJS",
      "taskPath": "entry",
      "workerId": -1,
      "startTime": 1704683649419
    },
    {
      "type": "build_line",
      "endTime": 1704683649431,
      "status": "closed",
      "children": [],
      "name": "overallTime",
      "taskName": "buildHotReloadResource",
      "taskPath": "entry",
      "workerId": -1,
      "startTime": 1704683649430
    },
    {
      "type": "build_line",
      "endTime": 1704683662808,
      "status": "closed",
      "children": [],
      "name": "overallTime",
      "taskName": "default@CompileArkTS",
      "taskPath": "entry",
      "workerId": -1,
      "startTime": 1704683649431
    },
    {
      "type": "build_line",
      "endTime": 1704683664625,
      "status": "closed",
      "children": [],
      "name": "overallTime",
      "taskName": "default@PackageHap",
      "taskPath": "entry",
      "workerId": 0,
      "startTime": 1704683662823
    },
    {
      "type": "default",
      "endTime": 1704683664625,
      "status": "closed",
      "children": [
        {
          "type": "build_line",
          "endTime": 1704683664625,
          "status": "closed",
          "children": [],
          "name": "overallTime",
          "taskName": "default@PackageHap",
          "taskPath": "entry",
          "workerId": 0,
          "startTime": 1704683662823
        }
      ],
      "name": "overallTime",
      "taskName": "default@PackageHap",
      "taskPath": "entry",
      "workerId": -1,
      "startTime": 1704683662812
    },
    {
      "type": "build_line",
      "endTime": 1704683664629,
      "status": "closed",
      "children": [],
      "name": "overallTime",
      "taskName": "default@SignHap",
      "taskPath": "entry",
      "workerId": -1,
      "startTime": 1704683664626
    },
    {
      "type": "build_line",
      "endTime": 1704683664630,
      "status": "closed",
      "children": [],
      "name": "overallTime",
      "taskName": "assembleHap",
      "taskPath": "entry",
      "workerId": -1,
      "startTime": 1704683664630
    },
    {
      "type": "build_line",
      "endTime": 1704685605879,
      "status": "closed",
      "children": [],
      "name": "overallTime",
      "taskName": "default@PreBuild",
      "taskPath": "entry",
      "workerId": -1,
      "startTime": 1704685605875
    },
    {
      "type": "build_line",
      "endTime": 1704685605893,
      "status": "closed",
      "children": [],
      "name": "overallTime",
      "taskName": "default@GenerateMetadata",
      "taskPath": "entry",
      "workerId": -1,
      "startTime": 1704685605881
    },
    {
      "type": "build_line",
      "endTime": 1704685605906,
      "status": "closed",
      "children": [],
      "name": "overallTime",
      "taskName": "default@MergeProfile",
      "taskPath": "entry",
      "workerId": -1,
      "startTime": 1704685605900
    },
    {
      "type": "build_line",
      "endTime": 1704685605910,
      "status": "closed",
      "children": [],
      "name": "overallTime",
      "taskName": "default@BuildNativeWithCmake",
      "taskPath": "entry",
      "workerId": -1,
      "startTime": 1704685605910
    },
    {
      "type": "build_line",
      "endTime": 1704685605919,
      "status": "closed",
      "children": [],
      "name": "overallTime",
      "taskName": "default@GenerateLoaderJson",
      "taskPath": "entry",
      "workerId": -1,
      "startTime": 1704685605913
    },
    {
      "type": "build_line",
      "endTime": 1704685605928,
      "status": "closed",
      "children": [],
      "name": "overallTime",
      "taskName": "default@MakePackInfo",
      "taskPath": "entry",
      "workerId": -1,
      "startTime": 1704685605921
    },
    {
      "type": "build_line",
      "endTime": 1704685605935,
      "status": "closed",
      "children": [],
      "name": "overallTime",
      "taskName": "default@ProcessProfile",
      "taskPath": "entry",
      "workerId": -1,
      "startTime": 1704685605931
    },
    {
      "type": "build_line",
      "endTime": 1704685605935,
      "status": "closed",
      "children": [],
      "name": "overallTime",
      "taskName": "default@BuildNativeWithNinja",
      "taskPath": "entry",
      "workerId": -1,
      "startTime": 1704685605935
    },
    {
      "type": "build_line",
      "endTime": 1704685605940,
      "status": "closed",
      "children": [],
      "name": "overallTime",
      "taskName": "default@ProcessResource",
      "taskPath": "entry",
      "workerId": -1,
      "startTime": 1704685605936
    },
    {
      "type": "build_line",
      "endTime": 1704685605943,
      "status": "closed",
      "children": [],
      "name": "overallTime",
      "taskName": "default@ProcessLibs",
      "taskPath": "entry",
      "workerId": -1,
      "startTime": 1704685605940
    },
    {
      "type": "build_line",
      "endTime": 1704685605987,
      "status": "closed",
      "children": [],
      "name": "overallTime",
      "taskName": "default@CompileResource",
      "taskPath": "entry",
      "workerId": -1,
      "startTime": 1704685605944
    },
    {
      "type": "build_line",
      "endTime": 1704685606001,
      "status": "closed",
      "children": [],
      "name": "overallTime",
      "taskName": "default@CompileJS",
      "taskPath": "entry",
      "workerId": -1,
      "startTime": 1704685605989
    },
    {
      "type": "build_line",
      "endTime": 1704685606004,
      "status": "closed",
      "children": [],
      "name": "overallTime",
      "taskName": "buildHotReloadResource",
      "taskPath": "entry",
      "workerId": -1,
      "startTime": 1704685606004
    },
    {
      "type": "build_line",
      "endTime": 1704685622507,
      "status": "closed",
      "children": [],
      "name": "overallTime",
      "taskName": "default@CompileArkTS",
      "taskPath": "entry",
      "workerId": -1,
      "startTime": 1704685606006
    },
    {
      "type": "build_line",
      "endTime": 1704685623348,
      "status": "closed",
      "children": [],
      "name": "overallTime",
      "taskName": "default@PackageHap",
      "taskPath": "entry",
      "workerId": 0,
      "startTime": 1704685622539
    },
    {
      "type": "default",
      "endTime": 1704685623348,
      "status": "closed",
      "children": [
        {
          "type": "build_line",
          "endTime": 1704685623348,
          "status": "closed",
          "children": [],
          "name": "overallTime",
          "taskName": "default@PackageHap",
          "taskPath": "entry",
          "workerId": 0,
          "startTime": 1704685622539
        }
      ],
      "name": "overallTime",
      "taskName": "default@PackageHap",
      "taskPath": "entry",
      "workerId": -1,
      "startTime": 1704685622512
    },
    {
      "type": "build_line",
      "endTime": 1704685623351,
      "status": "closed",
      "children": [],
      "name": "overallTime",
      "taskName": "default@SignHap",
      "taskPath": "entry",
      "workerId": -1,
      "startTime": 1704685623349
    },
    {
      "type": "build_line",
      "endTime": 1704685623351,
      "status": "closed",
      "children": [],
      "name": "overallTime",
      "taskName": "assembleHap",
      "taskPath": "entry",
      "workerId": -1,
      "startTime": 1704685623351
    },
    {
      "type": "build_line",
      "endTime": 1704687193320,
      "status": "closed",
      "children": [],
      "name": "overallTime",
      "taskName": "default@PreBuild",
      "taskPath": "entry",
      "workerId": -1,
      "startTime": 1704687193316
    },
    {
      "type": "build_line",
      "endTime": 1704687193345,
      "status": "closed",
      "children": [],
      "name": "overallTime",
      "taskName": "default@GenerateMetadata",
      "taskPath": "entry",
      "workerId": -1,
      "startTime": 1704687193322
    },
    {
      "type": "build_line",
      "endTime": 1704687193365,
      "status": "closed",
      "children": [],
      "name": "overallTime",
      "taskName": "default@MergeProfile",
      "taskPath": "entry",
      "workerId": -1,
      "startTime": 1704687193358
    },
    {
      "type": "build_line",
      "endTime": 1704687193370,
      "status": "closed",
      "children": [],
      "name": "overallTime",
      "taskName": "default@BuildNativeWithCmake",
      "taskPath": "entry",
      "workerId": -1,
      "startTime": 1704687193370
    },
    {
      "type": "build_line",
      "endTime": 1704687193378,
      "status": "closed",
      "children": [],
      "name": "overallTime",
      "taskName": "default@GenerateLoaderJson",
      "taskPath": "entry",
      "workerId": -1,
      "startTime": 1704687193373
    },
    {
      "type": "build_line",
      "endTime": 1704687193386,
      "status": "closed",
      "children": [],
      "name": "overallTime",
      "taskName": "default@MakePackInfo",
      "taskPath": "entry",
      "workerId": -1,
      "startTime": 1704687193380
    },
    {
      "type": "build_line",
      "endTime": 1704687193390,
      "status": "closed",
      "children": [],
      "name": "overallTime",
      "taskName": "default@ProcessProfile",
      "taskPath": "entry",
      "workerId": -1,
      "startTime": 1704687193388
    },
    {
      "type": "build_line",
      "endTime": 1704687193390,
      "status": "closed",
      "children": [],
      "name": "overallTime",
      "taskName": "default@BuildNativeWithNinja",
      "taskPath": "entry",
      "workerId": -1,
      "startTime": 1704687193390
    },
    {
      "type": "build_line",
      "endTime": 1704687193394,
      "status": "closed",
      "children": [],
      "name": "overallTime",
      "taskName": "default@ProcessResource",
      "taskPath": "entry",
      "workerId": -1,
      "startTime": 1704687193391
    },
    {
      "type": "build_line",
      "endTime": 1704687193400,
      "status": "closed",
      "children": [],
      "name": "overallTime",
      "taskName": "default@ProcessLibs",
      "taskPath": "entry",
      "workerId": -1,
      "startTime": 1704687193395
    },
    {
      "type": "build_line",
      "endTime": 1704687193443,
      "status": "closed",
      "children": [],
      "name": "overallTime",
      "taskName": "default@CompileResource",
      "taskPath": "entry",
      "workerId": -1,
      "startTime": 1704687193401
    },
    {
      "type": "build_line",
      "endTime": 1704687193451,
      "status": "closed",
      "children": [],
      "name": "overallTime",
      "taskName": "default@CompileJS",
      "taskPath": "entry",
      "workerId": -1,
      "startTime": 1704687193443
    },
    {
      "type": "build_line",
      "endTime": 1704687193454,
      "status": "closed",
      "children": [],
      "name": "overallTime",
      "taskName": "buildHotReloadResource",
      "taskPath": "entry",
      "workerId": -1,
      "startTime": 1704687193453
    },
    {
      "type": "build_line",
      "endTime": 1704687208575,
      "status": "closed",
      "children": [],
      "name": "overallTime",
      "taskName": "default@CompileArkTS",
      "taskPath": "entry",
      "workerId": -1,
      "startTime": 1704687193456
    },
    {
      "type": "build_line",
      "endTime": 1704687209332,
      "status": "closed",
      "children": [],
      "name": "overallTime",
      "taskName": "default@PackageHap",
      "taskPath": "entry",
      "workerId": 0,
      "startTime": 1704687208607
    },
    {
      "type": "default",
      "endTime": 1704687209332,
      "status": "closed",
      "children": [
        {
          "type": "build_line",
          "endTime": 1704687209332,
          "status": "closed",
          "children": [],
          "name": "overallTime",
          "taskName": "default@PackageHap",
          "taskPath": "entry",
          "workerId": 0,
          "startTime": 1704687208607
        }
      ],
      "name": "overallTime",
      "taskName": "default@PackageHap",
      "taskPath": "entry",
      "workerId": -1,
      "startTime": 1704687208579
    },
    {
      "type": "build_line",
      "endTime": 1704687209335,
      "status": "closed",
      "children": [],
      "name": "overallTime",
      "taskName": "default@SignHap",
      "taskPath": "entry",
      "workerId": -1,
      "startTime": 1704687209334
    },
    {
      "type": "build_line",
      "endTime": 1704687209336,
      "status": "closed",
      "children": [],
      "name": "overallTime",
      "taskName": "assembleHap",
      "taskPath": "entry",
      "workerId": -1,
      "startTime": 1704687209336
    },
    {
      "type": "build_line",
      "endTime": 1704695306864,
      "status": "closed",
      "children": [],
      "name": "overallTime",
      "taskName": "default@PreBuild",
      "taskPath": "entry",
      "workerId": -1,
      "startTime": 1704695306860
    },
    {
      "type": "build_line",
      "endTime": 1704695306876,
      "status": "closed",
      "children": [],
      "name": "overallTime",
      "taskName": "default@MergeProfile",
      "taskPath": "entry",
      "workerId": -1,
      "startTime": 1704695306865
    },
    {
      "type": "build_line",
      "endTime": 1704695306887,
      "status": "closed",
      "children": [],
      "name": "overallTime",
      "taskName": "default@GenerateLoaderJson",
      "taskPath": "entry",
      "workerId": -1,
      "startTime": 1704695306879
    },
    {
      "type": "build_line",
      "endTime": 1704695307023,
      "status": "closed",
      "children": [],
      "name": "overallTime",
      "taskName": "default@ProcessProfile",
      "taskPath": "entry",
      "workerId": -1,
      "startTime": 1704695306889
    },
    {
      "type": "build_line",
      "endTime": 1704695307035,
      "status": "closed",
      "children": [],
      "name": "overallTime",
      "taskName": "default@PreviewProcessResource",
      "taskPath": "entry",
      "workerId": -1,
      "startTime": 1704695307027
    },
    {
      "type": "build_line",
      "endTime": 1704695307513,
      "status": "closed",
      "children": [],
      "name": "overallTime",
      "taskName": "default@PreviewCompileResource",
      "taskPath": "entry",
      "workerId": -1,
      "startTime": 1704695307040
    },
    {
      "type": "build_line",
      "endTime": 1704695307514,
      "status": "closed",
      "children": [],
      "name": "overallTime",
      "taskName": "default@PreviewHookCompileResource",
      "taskPath": "entry",
      "workerId": -1,
      "startTime": 1704695307514
    },
    {
      "type": "build_line",
      "endTime": 1704695307523,
      "status": "closed",
      "children": [],
      "name": "overallTime",
      "taskName": "default@ReplacePreviewerPage",
      "taskPath": "entry",
      "workerId": -1,
      "startTime": 1704695307514
    },
    {
      "type": "build_line",
      "endTime": 1704695307523,
      "status": "closed",
      "children": [],
      "name": "overallTime",
      "taskName": "buildPreviewerResource",
      "taskPath": "entry",
      "workerId": -1,
      "startTime": 1704695307523
    },
    {
      "type": "build_line",
      "endTime": 1704695307530,
      "status": "closed",
      "children": [],
      "name": "overallTime",
      "taskName": "default@PreviewUpdateAssets",
      "taskPath": "entry",
      "workerId": -1,
      "startTime": 1704695307526
    },
    {
      "type": "build_line",
      "endTime": 1704695319561,
      "status": "closed",
      "children": [],
      "name": "overallTime",
      "taskName": "default@PreviewArkTS",
      "taskPath": "entry",
      "workerId": -1,
      "startTime": 1704695307532
    },
    {
      "type": "build_line",
      "endTime": 1704695319571,
      "status": "closed",
      "children": [],
      "name": "overallTime",
      "taskName": "PreviewBuild",
      "taskPath": "entry",
      "workerId": -1,
      "startTime": 1704695319571
    },
    {
      "type": "build_line",
      "endTime": 1704701240327,
      "status": "closed",
      "children": [],
      "name": "overallTime",
      "taskName": "default@PreBuild",
      "taskPath": "entry",
      "workerId": -1,
      "startTime": 1704701240323
    },
    {
      "type": "build_line",
      "endTime": 1704701240347,
      "status": "closed",
      "children": [],
      "name": "overallTime",
      "taskName": "default@GenerateMetadata",
      "taskPath": "entry",
      "workerId": -1,
      "startTime": 1704701240332
    },
    {
      "type": "build_line",
      "endTime": 1704701240361,
      "status": "closed",
      "children": [],
      "name": "overallTime",
      "taskName": "default@MergeProfile",
      "taskPath": "entry",
      "workerId": -1,
      "startTime": 1704701240353
    },
    {
      "type": "build_line",
      "endTime": 1704701240372,
      "status": "closed",
      "children": [],
      "name": "overallTime",
      "taskName": "default@BuildNativeWithCmake",
      "taskPath": "entry",
      "workerId": -1,
      "startTime": 1704701240372
    },
    {
      "type": "build_line",
      "endTime": 1704701240383,
      "status": "closed",
      "children": [],
      "name": "overallTime",
      "taskName": "default@GenerateLoaderJson",
      "taskPath": "entry",
      "workerId": -1,
      "startTime": 1704701240377
    },
    {
      "type": "build_line",
      "endTime": 1704701240393,
      "status": "closed",
      "children": [],
      "name": "overallTime",
      "taskName": "default@MakePackInfo",
      "taskPath": "entry",
      "workerId": -1,
      "startTime": 1704701240385
    },
    {
      "type": "build_line",
      "endTime": 1704701240554,
      "status": "closed",
      "children": [],
      "name": "overallTime",
      "taskName": "default@ProcessProfile",
      "taskPath": "entry",
      "workerId": -1,
      "startTime": 1704701240396
    },
    {
      "type": "build_line",
      "endTime": 1704701240556,
      "status": "closed",
      "children": [],
      "name": "overallTime",
      "taskName": "default@BuildNativeWithNinja",
      "taskPath": "entry",
      "workerId": -1,
      "startTime": 1704701240555
    },
    {
      "type": "build_line",
      "endTime": 1704701240561,
      "status": "closed",
      "children": [],
      "name": "overallTime",
      "taskName": "default@ProcessResource",
      "taskPath": "entry",
      "workerId": -1,
      "startTime": 1704701240557
    },
    {
      "type": "build_line",
      "endTime": 1704701240569,
      "status": "closed",
      "children": [],
      "name": "overallTime",
      "taskName": "default@ProcessLibs",
      "taskPath": "entry",
      "workerId": -1,
      "startTime": 1704701240562
    },
    {
      "type": "build_line",
      "endTime": 1704701240951,
      "status": "closed",
      "children": [],
      "name": "overallTime",
      "taskName": "default@CompileResource",
      "taskPath": "entry",
      "workerId": -1,
      "startTime": 1704701240570
    },
    {
      "type": "build_line",
      "endTime": 1704701240960,
      "status": "closed",
      "children": [],
      "name": "overallTime",
      "taskName": "default@CompileJS",
      "taskPath": "entry",
      "workerId": -1,
      "startTime": 1704701240951
    },
    {
      "type": "build_line",
      "endTime": 1704701240965,
      "status": "closed",
      "children": [],
      "name": "overallTime",
      "taskName": "buildHotReloadResource",
      "taskPath": "entry",
      "workerId": -1,
      "startTime": 1704701240965
    },
    {
      "type": "build_line",
      "endTime": 1704701258967,
      "status": "closed",
      "children": [],
      "name": "overallTime",
      "taskName": "default@CompileArkTS",
      "taskPath": "entry",
      "workerId": -1,
      "startTime": 1704701240966
    },
    {
      "type": "build_line",
      "endTime": 1704701259890,
      "status": "closed",
      "children": [],
      "name": "overallTime",
      "taskName": "default@PackageHap",
      "taskPath": "entry",
      "workerId": 0,
      "startTime": 1704701258983
    },
    {
      "type": "default",
      "endTime": 1704701259890,
      "status": "closed",
      "children": [
        {
          "type": "build_line",
          "endTime": 1704701259890,
          "status": "closed",
          "children": [],
          "name": "overallTime",
          "taskName": "default@PackageHap",
          "taskPath": "entry",
          "workerId": 0,
          "startTime": 1704701258983
        }
      ],
      "name": "overallTime",
      "taskName": "default@PackageHap",
      "taskPath": "entry",
      "workerId": -1,
      "startTime": 1704701258972
    },
    {
      "type": "build_line",
      "endTime": 1704701259893,
      "status": "closed",
      "children": [],
      "name": "overallTime",
      "taskName": "default@SignHap",
      "taskPath": "entry",
      "workerId": -1,
      "startTime": 1704701259892
    },
    {
      "type": "build_line",
      "endTime": 1704701259894,
      "status": "closed",
      "children": [],
      "name": "overallTime",
      "taskName": "assembleHap",
      "taskPath": "entry",
      "workerId": -1,
      "startTime": 1704701259894
    },
    {
      "type": "build_line",
      "endTime": 1704701466582,
      "status": "closed",
      "children": [],
      "name": "overallTime",
      "taskName": "default@PreBuild",
      "taskPath": "entry",
      "workerId": -1,
      "startTime": 1704701466578
    },
    {
      "type": "build_line",
      "endTime": 1704701466594,
      "status": "closed",
      "children": [],
      "name": "overallTime",
      "taskName": "default@GenerateMetadata",
      "taskPath": "entry",
      "workerId": -1,
      "startTime": 1704701466583
    },
    {
      "type": "build_line",
      "endTime": 1704701466608,
      "status": "closed",
      "children": [],
      "name": "overallTime",
      "taskName": "default@MergeProfile",
      "taskPath": "entry",
      "workerId": -1,
      "startTime": 1704701466603
    },
    {
      "type": "build_line",
      "endTime": 1704701466611,
      "status": "closed",
      "children": [],
      "name": "overallTime",
      "taskName": "default@BuildNativeWithCmake",
      "taskPath": "entry",
      "workerId": -1,
      "startTime": 1704701466611
    },
    {
      "type": "build_line",
      "endTime": 1704701466622,
      "status": "closed",
      "children": [],
      "name": "overallTime",
      "taskName": "default@GenerateLoaderJson",
      "taskPath": "entry",
      "workerId": -1,
      "startTime": 1704701466615
    },
    {
      "type": "build_line",
      "endTime": 1704701466635,
      "status": "closed",
      "children": [],
      "name": "overallTime",
      "taskName": "default@MakePackInfo",
      "taskPath": "entry",
      "workerId": -1,
      "startTime": 1704701466624
    },
    {
      "type": "build_line",
      "endTime": 1704701466639,
      "status": "closed",
      "children": [],
      "name": "overallTime",
      "taskName": "default@ProcessProfile",
      "taskPath": "entry",
      "workerId": -1,
      "startTime": 1704701466637
    },
    {
      "type": "build_line",
      "endTime": 1704701466640,
      "status": "closed",
      "children": [],
      "name": "overallTime",
      "taskName": "default@BuildNativeWithNinja",
      "taskPath": "entry",
      "workerId": -1,
      "startTime": 1704701466640
    },
    {
      "type": "build_line",
      "endTime": 1704701466644,
      "status": "closed",
      "children": [],
      "name": "overallTime",
      "taskName": "default@ProcessResource",
      "taskPath": "entry",
      "workerId": -1,
      "startTime": 1704701466640
    },
    {
      "type": "build_line",
      "endTime": 1704701466648,
      "status": "closed",
      "children": [],
      "name": "overallTime",
      "taskName": "default@ProcessLibs",
      "taskPath": "entry",
      "workerId": -1,
      "startTime": 1704701466645
    },
    {
      "type": "build_line",
      "endTime": 1704701466696,
      "status": "closed",
      "children": [],
      "name": "overallTime",
      "taskName": "default@CompileResource",
      "taskPath": "entry",
      "workerId": -1,
      "startTime": 1704701466649
    },
    {
      "type": "build_line",
      "endTime": 1704701466709,
      "status": "closed",
      "children": [],
      "name": "overallTime",
      "taskName": "default@CompileJS",
      "taskPath": "entry",
      "workerId": -1,
      "startTime": 1704701466698
    },
    {
      "type": "build_line",
      "endTime": 1704701466712,
      "status": "closed",
      "children": [],
      "name": "overallTime",
      "taskName": "buildHotReloadResource",
      "taskPath": "entry",
      "workerId": -1,
      "startTime": 1704701466712
    },
    {
      "type": "build_line",
      "endTime": 1704701484254,
      "status": "closed",
      "children": [],
      "name": "overallTime",
      "taskName": "default@CompileArkTS",
      "taskPath": "entry",
      "workerId": -1,
      "startTime": 1704701466714
    },
    {
      "type": "build_line",
      "endTime": 1704701485141,
      "status": "closed",
      "children": [],
      "name": "overallTime",
      "taskName": "default@PackageHap",
      "taskPath": "entry",
      "workerId": 0,
      "startTime": 1704701484285
    },
    {
      "type": "default",
      "endTime": 1704701485141,
      "status": "closed",
      "children": [
        {
          "type": "build_line",
          "endTime": 1704701485141,
          "status": "closed",
          "children": [],
          "name": "overallTime",
          "taskName": "default@PackageHap",
          "taskPath": "entry",
          "workerId": 0,
          "startTime": 1704701484285
        }
      ],
      "name": "overallTime",
      "taskName": "default@PackageHap",
      "taskPath": "entry",
      "workerId": -1,
      "startTime": 1704701484258
    },
    {
      "type": "build_line",
      "endTime": 1704701485144,
      "status": "closed",
      "children": [],
      "name": "overallTime",
      "taskName": "default@SignHap",
      "taskPath": "entry",
      "workerId": -1,
      "startTime": 1704701485143
    },
    {
      "type": "build_line",
      "endTime": 1704701485145,
      "status": "closed",
      "children": [],
      "name": "overallTime",
      "taskName": "assembleHap",
      "taskPath": "entry",
      "workerId": -1,
      "startTime": 1704701485145
    },
    {
      "type": "build_line",
      "endTime": 1704701640989,
      "status": "closed",
      "children": [],
      "name": "overallTime",
      "taskName": "default@PreBuild",
      "taskPath": "entry",
      "workerId": -1,
      "startTime": 1704701640986
    },
    {
      "type": "build_line",
      "endTime": 1704701641000,
      "status": "closed",
      "children": [],
      "name": "overallTime",
      "taskName": "default@GenerateMetadata",
      "taskPath": "entry",
      "workerId": -1,
      "startTime": 1704701640990
    },
    {
      "type": "build_line",
      "endTime": 1704701641011,
      "status": "closed",
      "children": [],
      "name": "overallTime",
      "taskName": "default@MergeProfile",
      "taskPath": "entry",
      "workerId": -1,
      "startTime": 1704701641007
    },
    {
      "type": "build_line",
      "endTime": 1704701641014,
      "status": "closed",
      "children": [],
      "name": "overallTime",
      "taskName": "default@BuildNativeWithCmake",
      "taskPath": "entry",
      "workerId": -1,
      "startTime": 1704701641014
    },
    {
      "type": "build_line",
      "endTime": 1704701641023,
      "status": "closed",
      "children": [],
      "name": "overallTime",
      "taskName": "default@GenerateLoaderJson",
      "taskPath": "entry",
      "workerId": -1,
      "startTime": 1704701641016
    },
    {
      "type": "build_line",
      "endTime": 1704701641035,
      "status": "closed",
      "children": [],
      "name": "overallTime",
      "taskName": "default@MakePackInfo",
      "taskPath": "entry",
      "workerId": -1,
      "startTime": 1704701641023
    },
    {
      "type": "build_line",
      "endTime": 1704701641038,
      "status": "closed",
      "children": [],
      "name": "overallTime",
      "taskName": "default@ProcessProfile",
      "taskPath": "entry",
      "workerId": -1,
      "startTime": 1704701641037
    },
    {
      "type": "build_line",
      "endTime": 1704701641039,
      "status": "closed",
      "children": [],
      "name": "overallTime",
      "taskName": "default@BuildNativeWithNinja",
      "taskPath": "entry",
      "workerId": -1,
      "startTime": 1704701641039
    },
    {
      "type": "build_line",
      "endTime": 1704701641042,
      "status": "closed",
      "children": [],
      "name": "overallTime",
      "taskName": "default@ProcessResource",
      "taskPath": "entry",
      "workerId": -1,
      "startTime": 1704701641039
    },
    {
      "type": "build_line",
      "endTime": 1704701641045,
      "status": "closed",
      "children": [],
      "name": "overallTime",
      "taskName": "default@ProcessLibs",
      "taskPath": "entry",
      "workerId": -1,
      "startTime": 1704701641042
    },
    {
      "type": "build_line",
      "endTime": 1704701641091,
      "status": "closed",
      "children": [],
      "name": "overallTime",
      "taskName": "default@CompileResource",
      "taskPath": "entry",
      "workerId": -1,
      "startTime": 1704701641046
    },
    {
      "type": "build_line",
      "endTime": 1704701641102,
      "status": "closed",
      "children": [],
      "name": "overallTime",
      "taskName": "default@CompileJS",
      "taskPath": "entry",
      "workerId": -1,
      "startTime": 1704701641092
    },
    {
      "type": "build_line",
      "endTime": 1704701641105,
      "status": "closed",
      "children": [],
      "name": "overallTime",
      "taskName": "buildHotReloadResource",
      "taskPath": "entry",
      "workerId": -1,
      "startTime": 1704701641105
    },
    {
      "type": "build_line",
      "endTime": 1704701657889,
      "status": "closed",
      "children": [],
      "name": "overallTime",
      "taskName": "default@CompileArkTS",
      "taskPath": "entry",
      "workerId": -1,
      "startTime": 1704701641105
    },
    {
      "type": "build_line",
      "endTime": 1704701658751,
      "status": "closed",
      "children": [],
      "name": "overallTime",
      "taskName": "default@PackageHap",
      "taskPath": "entry",
      "workerId": 0,
      "startTime": 1704701657921
    },
    {
      "type": "default",
      "endTime": 1704701658751,
      "status": "closed",
      "children": [
        {
          "type": "build_line",
          "endTime": 1704701658751,
          "status": "closed",
          "children": [],
          "name": "overallTime",
          "taskName": "default@PackageHap",
          "taskPath": "entry",
          "workerId": 0,
          "startTime": 1704701657921
        }
      ],
      "name": "overallTime",
      "taskName": "default@PackageHap",
      "taskPath": "entry",
      "workerId": -1,
      "startTime": 1704701657893
    },
    {
      "type": "build_line",
      "endTime": 1704701658754,
      "status": "closed",
      "children": [],
      "name": "overallTime",
      "taskName": "default@SignHap",
      "taskPath": "entry",
      "workerId": -1,
      "startTime": 1704701658753
    },
    {
      "type": "build_line",
      "endTime": 1704701658757,
      "status": "closed",
      "children": [],
      "name": "overallTime",
      "taskName": "assembleHap",
      "taskPath": "entry",
      "workerId": -1,
      "startTime": 1704701658757
    },
    {
      "type": "build_line",
      "endTime": 1704718233769,
      "status": "closed",
      "children": [],
      "name": "overallTime",
      "taskName": "default@PreBuild",
      "taskPath": "entry",
      "workerId": -1,
      "startTime": 1704718233766
    },
    {
      "type": "build_line",
      "endTime": 1704718233781,
      "status": "closed",
      "children": [],
      "name": "overallTime",
      "taskName": "default@GenerateMetadata",
      "taskPath": "entry",
      "workerId": -1,
      "startTime": 1704718233771
    },
    {
      "type": "build_line",
      "endTime": 1704718233793,
      "status": "closed",
      "children": [],
      "name": "overallTime",
      "taskName": "default@MergeProfile",
      "taskPath": "entry",
      "workerId": -1,
      "startTime": 1704718233788
    },
    {
      "type": "build_line",
      "endTime": 1704718233797,
      "status": "closed",
      "children": [],
      "name": "overallTime",
      "taskName": "default@BuildNativeWithCmake",
      "taskPath": "entry",
      "workerId": -1,
      "startTime": 1704718233797
    },
    {
      "type": "build_line",
      "endTime": 1704718233808,
      "status": "closed",
      "children": [],
      "name": "overallTime",
      "taskName": "default@GenerateLoaderJson",
      "taskPath": "entry",
      "workerId": -1,
      "startTime": 1704718233802
    },
    {
      "type": "build_line",
      "endTime": 1704718233820,
      "status": "closed",
      "children": [],
      "name": "overallTime",
      "taskName": "default@MakePackInfo",
      "taskPath": "entry",
      "workerId": -1,
      "startTime": 1704718233810
    },
    {
      "type": "build_line",
      "endTime": 1704718233825,
      "status": "closed",
      "children": [],
      "name": "overallTime",
      "taskName": "default@ProcessProfile",
      "taskPath": "entry",
      "workerId": -1,
      "startTime": 1704718233823
    },
    {
      "type": "build_line",
      "endTime": 1704718233826,
      "status": "closed",
      "children": [],
      "name": "overallTime",
      "taskName": "default@BuildNativeWithNinja",
      "taskPath": "entry",
      "workerId": -1,
      "startTime": 1704718233826
    },
    {
      "type": "build_line",
      "endTime": 1704718233831,
      "status": "closed",
      "children": [],
      "name": "overallTime",
      "taskName": "default@ProcessResource",
      "taskPath": "entry",
      "workerId": -1,
      "startTime": 1704718233827
    },
    {
      "type": "build_line",
      "endTime": 1704718233837,
      "status": "closed",
      "children": [],
      "name": "overallTime",
      "taskName": "default@ProcessLibs",
      "taskPath": "entry",
      "workerId": -1,
      "startTime": 1704718233832
    },
    {
      "type": "build_line",
      "endTime": 1704718233887,
      "status": "closed",
      "children": [],
      "name": "overallTime",
      "taskName": "default@CompileResource",
      "taskPath": "entry",
      "workerId": -1,
      "startTime": 1704718233838
    },
    {
      "type": "build_line",
      "endTime": 1704718233898,
      "status": "closed",
      "children": [],
      "name": "overallTime",
      "taskName": "default@CompileJS",
      "taskPath": "entry",
      "workerId": -1,
      "startTime": 1704718233887
    },
    {
      "type": "build_line",
      "endTime": 1704718233902,
      "status": "closed",
      "children": [],
      "name": "overallTime",
      "taskName": "buildHotReloadResource",
      "taskPath": "entry",
      "workerId": -1,
      "startTime": 1704718233902
    },
    {
      "type": "build_line",
      "endTime": 1704718250835,
      "status": "closed",
      "children": [],
      "name": "overallTime",
      "taskName": "default@CompileArkTS",
      "taskPath": "entry",
      "workerId": -1,
      "startTime": 1704718233902
    },
    {
      "type": "build_line",
      "endTime": 1704718251712,
      "status": "closed",
      "children": [],
      "name": "overallTime",
      "taskName": "default@PackageHap",
      "taskPath": "entry",
      "workerId": 0,
      "startTime": 1704718250875
    },
    {
      "type": "default",
      "endTime": 1704718251712,
      "status": "closed",
      "children": [
        {
          "type": "build_line",
          "endTime": 1704718251712,
          "status": "closed",
          "children": [],
          "name": "overallTime",
          "taskName": "default@PackageHap",
          "taskPath": "entry",
          "workerId": 0,
          "startTime": 1704718250875
        }
      ],
      "name": "overallTime",
      "taskName": "default@PackageHap",
      "taskPath": "entry",
      "workerId": -1,
      "startTime": 1704718250839
    },
    {
      "type": "build_line",
      "endTime": 1704718251715,
      "status": "closed",
      "children": [],
      "name": "overallTime",
      "taskName": "default@SignHap",
      "taskPath": "entry",
      "workerId": -1,
      "startTime": 1704718251714
    },
    {
      "type": "build_line",
      "endTime": 1704718251716,
      "status": "closed",
      "children": [],
      "name": "overallTime",
      "taskName": "assembleHap",
      "taskPath": "entry",
      "workerId": -1,
      "startTime": 1704718251716
    }
  ],
  "workLog": []
}