{"deviceType":"phone,tablet","checkEntry":"true","localPropertiesPath":"/Users/changwei/DevEcoStudioProjects/wechatdemo/local.properties","PATH":"/Users/changwei/nodejs/bin/","note":"false","aceProfilePath":"/Users/changwei/DevEcoStudioProjects/wechatdemo/entry/.preview/default/intermediates/res/default/resources/base/profile","isPreview":"true","hapMode":"false","buildMode":"debug","img2bin":"true","projectProfilePath":"/Users/changwei/DevEcoStudioProjects/wechatdemo/build-profile.json5","watchMode":"true","appResource":"/Users/changwei/DevEcoStudioProjects/wechatdemo/entry/.preview/default/intermediates/res/default/ResourceTable.txt","logLevel":"3","stageRouterConfig":{"contents":["{\"module\":{\"pages\":\"$profile:main_pages\",\"name\":\"entry\"}}","{\"src\":[\"pages/Index\",\"pages/Home/Home\",\"pages/Contact/Contacts\",\"pages/Discover/Discover\",\"pages/My/My\",\"pages/Home/Chat\",\"pages/Contact/PersonalPage\"]}"],"paths":["/Users/changwei/DevEcoStudioProjects/wechatdemo/entry/.preview/default/intermediates/res/default/module.json","/Users/changwei/DevEcoStudioProjects/wechatdemo/entry/.preview/default/intermediates/res/default/resources/base/profile/main_pages.json"]},"port":"29981","aceBuildJson":"/Users/changwei/DevEcoStudioProjects/wechatdemo/entry/.preview/default/intermediates/loader/default/loader.json","aceModuleRoot":"/Users/changwei/DevEcoStudioProjects/wechatdemo/entry/src/main/ets","aceSoPath":"/Users/changwei/DevEcoStudioProjects/wechatdemo/entry/.preview/cache/nativeDependencies.txt","cachePath":"/Users/changwei/DevEcoStudioProjects/wechatdemo/entry/.preview/cache","aceModuleBuild":"/Users/changwei/DevEcoStudioProjects/wechatdemo/entry/.preview/default/intermediates/assets/default/ets","aceSuperVisualPath":"/Users/changwei/DevEcoStudioProjects/wechatdemo/entry/src/main/supervisual","aceModuleJsonPath":"/Users/changwei/DevEcoStudioProjects/wechatdemo/entry/.preview/default/intermediates/res/default/module.json"}