{
  "string": [
    {
      "name": "module_desc",
      "value": "module description"
    },
    {
      "name": "EntryAbility_desc",
      "value": "description"
    },
    {
      "name": "EntryAbility_label",
      "value": "MultiShopping"
    },
    {
      "name": "home",
      "value": "Home"
    },
    {
      "name": "new_product",
      "value": "NewProduct"
    },
    {
      "name": "cart",
      "value": "ShoppingCart"
    },
    {
      "name": "mine",
      "value": "Mine"
    },
    {
      "name": "splash_desc",
      "value": "There's always a new way to shop"
    }
  ]
}