{
  "string": [
    {
      "name": "module_desc",
      "value": "模块描述"
    },
    {
      "name": "EntryAbility_desc",
      "value": "description"
    },
    {
      "name": "EntryAbility_label",
      "value": "SimpleVideo"
    },
    {
      "name": "secondPage",
      "value": "pages/play"
    },
    {
      "name": "slider_startTime",
      "value": "00:00"
    },
    {
      "name": "back",
      "value": "视频"
    },
    {
      "name": "empty",
      "value": "empty"
    }
  ]
}